CVE,CVSS version,CVSS
CVE-1999-0082,cvssMetricV2,10.0
CVE-1999-1471,cvssMetricV2,7.2
CVE-1999-1122,cvssMetricV2,4.6
CVE-1999-1467,cvssMetricV2,10.0
CVE-1999-1506,cvssMetricV2,7.5
CVE-1999-0084,cvssMetricV31,8.4
CVE-1999-0084,cvssMetricV2,7.2
CVE-2000-0388,cvssMetricV2,7.5
CVE-1999-0209,cvssMetricV2,5.0
CVE-1999-1198,cvssMetricV2,7.2
CVE-1999-1391,cvssMetricV2,7.2
CVE-1999-1392,cvssMetricV2,7.2
CVE-1999-1057,cvssMetricV2,4.6
CVE-1999-1554,cvssMetricV2,2.1
CVE-1999-1197,cvssMetricV2,7.2
CVE-1999-1115,cvssMetricV2,7.2
CVE-1999-1258,cvssMetricV2,5.0
CVE-1999-1438,cvssMetricV2,7.2
CVE-1999-1211,cvssMetricV2,7.2
CVE-1999-1212,cvssMetricV2,7.2
CVE-1999-1194,cvssMetricV2,7.2
CVE-1999-1193,cvssMetricV2,10.0
CVE-1999-1123,cvssMetricV2,7.2
CVE-1999-1034,cvssMetricV2,7.2
CVE-1999-1415,cvssMetricV2,4.6
CVE-1999-1090,cvssMetricV2,7.5
CVE-1999-0498,cvssMetricV2,10.0
CVE-1999-1468,cvssMetricV2,6.2
CVE-1999-0167,cvssMetricV2,4.6
CVE-1999-1493,cvssMetricV2,10.0
CVE-1999-1032,cvssMetricV2,10.0
CVE-1999-1059,cvssMetricV2,10.0
CVE-1999-0627,cvssMetricV2,0.0
CVE-1999-1121,cvssMetricV2,7.2
CVE-1999-0117,cvssMetricV2,7.2
CVE-1999-1119,cvssMetricV2,10.0
CVE-1999-1142,cvssMetricV2,7.2
CVE-1999-0168,cvssMetricV2,7.5
CVE-1999-0214,cvssMetricV2,10.0
CVE-1999-1396,cvssMetricV2,7.2
CVE-1999-1395,cvssMetricV2,7.2
CVE-1999-1306,cvssMetricV2,7.5
CVE-1999-1466,cvssMetricV2,7.5
CVE-1999-1021,cvssMetricV2,7.2
CVE-1999-0312,cvssMetricV2,5.0
CVE-1999-1507,cvssMetricV2,7.2
CVE-1999-1218,cvssMetricV2,2.1
CVE-1999-1312,cvssMetricV2,7.2
CVE-1999-1216,cvssMetricV2,7.5
CVE-1999-1162,cvssMetricV2,6.4
CVE-1999-0124,cvssMetricV2,10.0
CVE-1999-1215,cvssMetricV2,4.6
CVE-1999-1138,cvssMetricV2,10.0
CVE-1999-1318,cvssMetricV2,7.2
CVE-1999-0145,cvssMetricV2,7.2
CVE-1999-1137,cvssMetricV2,2.1
CVE-1999-0334,cvssMetricV2,7.2
CVE-1999-0181,cvssMetricV2,6.8
CVE-1999-1242,cvssMetricV2,4.6
CVE-1999-0211,cvssMetricV2,5.0
CVE-1999-0338,cvssMetricV2,7.2
CVE-1999-0120,cvssMetricV2,7.2
CVE-1999-1135,cvssMetricV2,7.2
CVE-1999-1146,cvssMetricV2,7.2
CVE-1999-1388,cvssMetricV2,6.2
CVE-1999-1134,cvssMetricV2,7.2
CVE-1999-0113,cvssMetricV2,10.0
CVE-1999-0423,cvssMetricV2,4.6
CVE-1999-0337,cvssMetricV2,7.5
CVE-1999-0207,cvssMetricV2,7.5
CVE-1999-1239,cvssMetricV2,4.6
CVE-1999-1552,cvssMetricV2,7.2
CVE-1999-1494,cvssMetricV2,2.1
CVE-1999-1219,cvssMetricV2,7.2
CVE-1999-1238,cvssMetricV2,4.6
CVE-1999-1022,cvssMetricV2,6.2
CVE-1999-1248,cvssMetricV2,4.6
CVE-1999-1302,cvssMetricV2,7.2
CVE-1999-1303,cvssMetricV2,7.2
CVE-1999-1304,cvssMetricV2,7.2
CVE-1999-1305,cvssMetricV2,7.2
CVE-2000-0508,cvssMetricV2,5.0
CVE-1999-0077,cvssMetricV2,5.0
CVE-1999-0232,cvssMetricV2,10.0
CVE-1999-0235,cvssMetricV2,10.0
CVE-1999-0242,cvssMetricV2,7.5
CVE-1999-1098,cvssMetricV2,5.0
CVE-1999-1243,cvssMetricV2,4.6
CVE-1999-0151,cvssMetricV2,7.6
CVE-1999-1080,cvssMetricV2,7.2
CVE-1999-0066,cvssMetricV31,9.8
CVE-1999-0066,cvssMetricV2,7.5
CVE-1999-0161,cvssMetricV2,7.5
CVE-1999-0172,cvssMetricV2,7.5
CVE-1999-0203,cvssMetricV2,10.0
CVE-1999-1580,cvssMetricV2,7.2
CVE-1999-0164,cvssMetricV2,6.2
CVE-1999-0155,cvssMetricV2,7.5
CVE-1999-0245,cvssMetricV2,4.6
CVE-1999-0218,cvssMetricV2,5.0
CVE-1999-0073,cvssMetricV2,10.0
CVE-1999-0099,cvssMetricV2,10.0
CVE-1999-0241,cvssMetricV2,10.0
CVE-1999-0080,cvssMetricV2,10.0
CVE-1999-0123,cvssMetricV2,3.7
CVE-1999-0316,cvssMetricV2,7.2
CVE-1999-0325,cvssMetricV2,7.2
CVE-1999-0208,cvssMetricV2,10.0
CVE-1999-1186,cvssMetricV2,7.2
CVE-1999-1319,cvssMetricV2,10.0
CVE-1999-1491,cvssMetricV2,7.2
CVE-1999-0103,cvssMetricV2,5.0
CVE-1999-0143,cvssMetricV2,4.6
CVE-1999-0233,cvssMetricV2,10.0
CVE-1999-0142,cvssMetricV2,7.5
CVE-1999-0067,cvssMetricV2,10.0
CVE-1999-0141,cvssMetricV2,3.7
CVE-1999-0070,cvssMetricV2,5.0
CVE-1999-1103,cvssMetricV2,4.6
CVE-1999-0078,cvssMetricV2,1.9
CVE-1999-0019,cvssMetricV2,5.0
CVE-1999-1314,cvssMetricV2,2.1
CVE-1999-1313,cvssMetricV2,4.6
CVE-1999-0522,cvssMetricV2,7.2
CVE-1999-0509,cvssMetricV2,10.0
CVE-1999-1205,cvssMetricV2,2.1
CVE-1999-1253,cvssMetricV2,7.2
CVE-1999-0138,cvssMetricV2,7.2
CVE-1999-0175,cvssMetricV2,5.0
CVE-1999-0022,cvssMetricV31,7.8
CVE-1999-0022,cvssMetricV2,7.2
CVE-1999-0137,cvssMetricV2,7.2
CVE-1999-1301,cvssMetricV2,7.5
CVE-1999-1572,cvssMetricV2,2.1
CVE-1999-0023,cvssMetricV2,7.2
CVE-1999-0135,cvssMetricV2,7.2
CVE-1999-0136,cvssMetricV2,7.2
CVE-1999-1413,cvssMetricV2,4.6
CVE-1999-0134,cvssMetricV2,7.2
CVE-1999-0133,cvssMetricV2,2.1
CVE-1999-0132,cvssMetricV2,2.1
CVE-1999-0085,cvssMetricV2,7.5
CVE-1999-1187,cvssMetricV2,4.6
CVE-1999-1309,cvssMetricV2,7.2
CVE-1999-0324,cvssMetricV2,7.2
CVE-1999-1252,cvssMetricV2,7.2
CVE-1999-0131,cvssMetricV2,7.2
CVE-1999-1383,cvssMetricV2,4.6
CVE-1999-1295,cvssMetricV2,4.6
CVE-1999-0116,cvssMetricV2,5.0
CVE-1999-0961,cvssMetricV2,6.2
CVE-1999-0206,cvssMetricV2,10.0
CVE-1999-0246,cvssMetricV2,10.0
CVE-1999-0308,cvssMetricV2,4.6
CVE-1999-0319,cvssMetricV2,7.2
CVE-1999-0234,cvssMetricV2,4.6
CVE-1999-0075,cvssMetricV2,5.0
CVE-1999-0032,cvssMetricV2,7.2
CVE-1999-0277,cvssMetricV2,7.2
CVE-1999-1384,cvssMetricV2,7.2
CVE-1999-0311,cvssMetricV2,7.2
CVE-1999-0336,cvssMetricV2,7.2
CVE-1999-1161,cvssMetricV2,7.2
CVE-1999-0130,cvssMetricV2,7.2
CVE-1999-1221,cvssMetricV2,2.1
CVE-1999-1099,cvssMetricV2,5.0
CVE-1999-1240,cvssMetricV2,7.5
CVE-1999-0050,cvssMetricV2,7.2
CVE-1999-0044,cvssMetricV2,7.2
CVE-1999-0129,cvssMetricV2,4.6
CVE-1999-0043,cvssMetricV31,9.8
CVE-1999-0043,cvssMetricV2,10.0
CVE-1999-1401,cvssMetricV2,4.6
CVE-1999-0045,cvssMetricV2,7.5
CVE-1999-0096,cvssMetricV2,5.0
CVE-1999-0101,cvssMetricV2,10.0
CVE-1999-0297,cvssMetricV2,7.2
CVE-1999-1089,cvssMetricV2,7.2
CVE-1999-0128,cvssMetricV2,5.0
CVE-1999-0127,cvssMetricV2,7.2
CVE-1999-1385,cvssMetricV2,7.2
CVE-1999-1026,cvssMetricV2,7.2
CVE-1999-0260,cvssMetricV2,7.5
CVE-1999-1251,cvssMetricV2,2.1
CVE-1999-0100,cvssMetricV2,10.0
CVE-1999-0163,cvssMetricV2,7.2
CVE-1999-0166,cvssMetricV2,5.0
CVE-1999-0170,cvssMetricV2,7.5
CVE-1999-0171,cvssMetricV2,2.1
CVE-1999-0173,cvssMetricV2,5.0
CVE-1999-0178,cvssMetricV2,7.5
CVE-1999-0179,cvssMetricV2,5.0
CVE-1999-0180,cvssMetricV2,7.5
CVE-1999-0201,cvssMetricV2,6.4
CVE-1999-0202,cvssMetricV2,7.5
CVE-1999-0204,cvssMetricV2,10.0
CVE-1999-0217,cvssMetricV2,5.0
CVE-1999-0236,cvssMetricV31,7.5
CVE-1999-0236,cvssMetricV2,5.0
CVE-1999-0249,cvssMetricV2,7.2
CVE-1999-0251,cvssMetricV2,5.0
CVE-1999-0252,cvssMetricV2,7.5
CVE-1999-0253,cvssMetricV2,7.5
CVE-1999-0265,cvssMetricV2,5.0
CVE-1999-0274,cvssMetricV2,5.0
CVE-1999-0345,cvssMetricV2,5.0
CVE-1999-0496,cvssMetricV2,7.2
CVE-1999-0499,cvssMetricV2,7.5
CVE-1999-0503,cvssMetricV2,7.2
CVE-1999-0504,cvssMetricV2,7.5
CVE-1999-0510,cvssMetricV2,7.5
CVE-1999-0511,cvssMetricV2,7.5
CVE-1999-0517,cvssMetricV2,7.5
CVE-1999-0518,cvssMetricV2,7.5
CVE-1999-0519,cvssMetricV2,7.5
CVE-1999-0521,cvssMetricV2,7.2
CVE-1999-0525,cvssMetricV2,0.0
CVE-1999-0534,cvssMetricV2,4.6
CVE-1999-0535,cvssMetricV2,10.0
CVE-1999-0550,cvssMetricV2,7.5
CVE-1999-0562,cvssMetricV2,7.5
CVE-1999-0572,cvssMetricV2,9.3
CVE-1999-0575,cvssMetricV2,7.5
CVE-1999-0576,cvssMetricV2,7.5
CVE-1999-0582,cvssMetricV2,5.0
CVE-1999-0626,cvssMetricV2,0.0
CVE-1999-1120,cvssMetricV2,4.6
CVE-1999-0051,cvssMetricV2,7.2
CVE-1999-1249,cvssMetricV2,4.6
CVE-1999-1145,cvssMetricV2,7.2
CVE-1999-1311,cvssMetricV2,4.6
CVE-1999-0049,cvssMetricV2,7.2
CVE-1999-1088,cvssMetricV2,7.2
CVE-1999-0081,cvssMetricV2,5.0
CVE-1999-0048,cvssMetricV2,10.0
CVE-1999-0966,cvssMetricV2,7.2
CVE-1999-0047,cvssMetricV2,10.0
CVE-1999-1144,cvssMetricV2,7.2
CVE-1999-0174,cvssMetricV2,6.4
CVE-1999-0309,cvssMetricV2,7.2
CVE-1999-0369,cvssMetricV2,7.2
CVE-1999-0959,cvssMetricV2,7.2
CVE-1999-1160,cvssMetricV2,10.0
CVE-1999-1299,cvssMetricV2,10.0
CVE-1999-0298,cvssMetricV2,7.5
CVE-1999-0046,cvssMetricV2,10.0
CVE-1999-0228,cvssMetricV2,5.0
CVE-1999-0109,cvssMetricV2,7.2
CVE-1999-0041,cvssMetricV2,7.5
CVE-1999-0868,cvssMetricV2,7.2
CVE-1999-0105,cvssMetricV2,2.1
CVE-1999-0106,cvssMetricV2,2.1
CVE-1999-0165,cvssMetricV2,10.0
CVE-1999-0318,cvssMetricV2,7.2
CVE-1999-0612,cvssMetricV2,0.0
CVE-1999-1128,cvssMetricV2,5.1
CVE-1999-1489,cvssMetricV2,7.2
CVE-1999-0299,cvssMetricV2,9.3
CVE-1999-1408,cvssMetricV2,2.1
CVE-1999-1525,cvssMetricV2,5.1
CVE-1999-0280,cvssMetricV2,7.5
CVE-1999-0292,cvssMetricV2,5.0
CVE-1999-0315,cvssMetricV2,7.2
CVE-1999-1387,cvssMetricV2,5.0
CVE-1999-0042,cvssMetricV2,10.0
CVE-1999-1298,cvssMetricV2,7.5
CVE-1999-0058,cvssMetricV2,7.5
CVE-1999-0149,cvssMetricV2,7.5
CVE-1999-0038,cvssMetricV31,8.4
CVE-1999-0038,cvssMetricV2,7.2
CVE-1999-1296,cvssMetricV2,7.2
CVE-1999-0040,cvssMetricV2,7.2
CVE-1999-0112,cvssMetricV2,7.2
CVE-1999-1116,cvssMetricV2,7.2
CVE-1999-1380,cvssMetricV2,5.1
CVE-1999-1267,cvssMetricV2,5.0
CVE-1999-0039,cvssMetricV31,7.3
CVE-1999-0039,cvssMetricV2,7.5
CVE-1999-1067,cvssMetricV2,5.0
CVE-1999-1398,cvssMetricV2,6.2
CVE-1999-1461,cvssMetricV2,7.2
CVE-1999-1286,cvssMetricV2,7.2
CVE-1999-1410,cvssMetricV2,6.2
CVE-1999-1158,cvssMetricV2,7.2
CVE-1999-1184,cvssMetricV2,4.6
CVE-1999-0962,cvssMetricV2,7.2
CVE-1999-1141,cvssMetricV2,7.5
CVE-1999-1232,cvssMetricV2,7.2
CVE-1999-1402,cvssMetricV2,2.1
CVE-1999-1191,cvssMetricV2,7.2
CVE-1999-1449,cvssMetricV2,2.1
CVE-1999-0037,cvssMetricV2,7.5
CVE-1999-0259,cvssMetricV2,5.0
CVE-1999-0036,cvssMetricV31,8.4
CVE-1999-0036,cvssMetricV2,7.2
CVE-1999-0064,cvssMetricV2,7.2
CVE-1999-1143,cvssMetricV2,7.2
CVE-1999-0034,cvssMetricV2,7.2
CVE-1999-0035,cvssMetricV2,5.1
CVE-1999-0144,cvssMetricV2,2.1
CVE-1999-0227,cvssMetricV2,5.0
CVE-1999-0281,cvssMetricV2,5.0
CVE-1999-0799,cvssMetricV2,10.0
CVE-1999-0189,cvssMetricV2,7.5
CVE-1999-0275,cvssMetricV2,5.0
CVE-1999-0083,cvssMetricV2,5.0
CVE-1999-0033,cvssMetricV2,7.2
CVE-1999-1266,cvssMetricV2,5.0
CVE-1999-0957,cvssMetricV2,2.1
CVE-1999-1483,cvssMetricV2,4.6
CVE-1999-1192,cvssMetricV2,7.2
CVE-1999-1423,cvssMetricV2,2.1
CVE-1999-0074,cvssMetricV2,6.4
CVE-1999-0076,cvssMetricV2,5.0
CVE-1999-0111,cvssMetricV2,5.0
CVE-1999-0147,cvssMetricV2,7.5
CVE-1999-0150,cvssMetricV2,7.5
CVE-1999-0153,cvssMetricV2,5.0
CVE-1999-0156,cvssMetricV2,4.6
CVE-1999-0169,cvssMetricV2,10.0
CVE-1999-0184,cvssMetricV2,6.4
CVE-1999-0195,cvssMetricV2,5.0
CVE-1999-0219,cvssMetricV2,7.8
CVE-1999-0250,cvssMetricV2,10.0
CVE-1999-0526,cvssMetricV2,10.0
CVE-1999-0532,cvssMetricV2,0.0
CVE-1999-0533,cvssMetricV2,7.5
CVE-1999-0541,cvssMetricV2,7.5
CVE-1999-0628,cvssMetricV2,5.0
CVE-1999-1326,cvssMetricV2,5.0
CVE-1999-0031,cvssMetricV2,2.6
CVE-1999-0196,cvssMetricV2,5.0
CVE-1999-0176,cvssMetricV2,7.5
CVE-1999-1463,cvssMetricV2,5.0
CVE-1999-0059,cvssMetricV31,7.3
CVE-1999-0059,cvssMetricV2,7.1
CVE-1999-0146,cvssMetricV2,7.5
CVE-1999-0025,cvssMetricV2,7.2
CVE-1999-0026,cvssMetricV2,4.6
CVE-1999-0027,cvssMetricV2,7.2
CVE-1999-0028,cvssMetricV2,7.2
CVE-1999-0029,cvssMetricV31,8.4
CVE-1999-0029,cvssMetricV2,7.2
CVE-1999-0030,cvssMetricV2,7.2
CVE-1999-1182,cvssMetricV2,7.2
CVE-1999-0122,cvssMetricV2,7.2
CVE-1999-0247,cvssMetricV2,7.5
CVE-1999-1208,cvssMetricV2,7.2
CVE-1999-0971,cvssMetricV2,7.2
CVE-1999-1068,cvssMetricV2,5.0
CVE-1999-1217,cvssMetricV2,4.6
CVE-1999-1419,cvssMetricV2,7.2
CVE-1999-1308,cvssMetricV2,4.6
CVE-1999-0238,cvssMetricV2,10.0
CVE-1999-0301,cvssMetricV2,7.2
CVE-1999-0524,cvssMetricV2,2.1
CVE-1999-0566,cvssMetricV2,5.0
CVE-1999-1262,cvssMetricV2,5.1
CVE-1999-1446,cvssMetricV2,2.1
CVE-1999-0152,cvssMetricV2,7.5
CVE-1999-0024,cvssMetricV2,5.0
CVE-1999-1250,cvssMetricV2,5.0
CVE-1999-1399,cvssMetricV2,7.2
CVE-1999-1220,cvssMetricV2,7.5
CVE-1999-1225,cvssMetricV2,5.0
CVE-1999-0071,cvssMetricV2,7.5
CVE-1999-0115,cvssMetricV2,7.2
CVE-1999-0148,cvssMetricV2,7.5
CVE-1999-0177,cvssMetricV2,7.5
CVE-1999-0183,cvssMetricV2,6.4
CVE-1999-0191,cvssMetricV2,6.4
CVE-1999-0237,cvssMetricV2,7.5
CVE-1999-1133,cvssMetricV2,4.6
CVE-1999-1139,cvssMetricV2,7.2
CVE-1999-1275,cvssMetricV2,4.6
CVE-1999-0079,cvssMetricV2,5.0
CVE-1999-1214,cvssMetricV2,2.1
CVE-1999-0667,cvssMetricV2,10.0
CVE-1999-0956,cvssMetricV2,7.2
CVE-1999-0965,cvssMetricV2,6.2
CVE-1999-1125,cvssMetricV2,10.0
CVE-1999-0267,cvssMetricV2,7.5
CVE-1999-0955,cvssMetricV2,7.6
CVE-1999-0182,cvssMetricV2,10.0
CVE-1999-0090,cvssMetricV2,7.2
CVE-1999-0160,cvssMetricV2,7.5
CVE-1999-0185,cvssMetricV2,7.5
CVE-1999-0272,cvssMetricV2,5.0
CVE-1999-0294,cvssMetricV2,5.0
CVE-1999-0295,cvssMetricV2,7.2
CVE-1999-0300,cvssMetricV2,7.5
CVE-1999-0326,cvssMetricV2,4.6
CVE-1999-1213,cvssMetricV2,5.0
CVE-1999-0061,cvssMetricV2,5.1
CVE-1999-1061,cvssMetricV2,7.5
CVE-1999-1062,cvssMetricV2,7.5
CVE-1999-1095,cvssMetricV2,7.2
CVE-1999-1224,cvssMetricV2,3.6
CVE-1999-0346,cvssMetricV2,5.0
CVE-1999-0192,cvssMetricV2,10.0
CVE-1999-0068,cvssMetricV2,7.5
CVE-1999-0072,cvssMetricV2,7.2
CVE-1999-1131,cvssMetricV2,5.0
CVE-1999-1261,cvssMetricV2,5.0
CVE-1999-0089,cvssMetricV2,7.2
CVE-1999-0091,cvssMetricV2,7.2
CVE-1999-0092,cvssMetricV2,7.2
CVE-1999-0093,cvssMetricV2,7.2
CVE-1999-0094,cvssMetricV2,4.6
CVE-1999-0097,cvssMetricV2,10.0
CVE-1999-0322,cvssMetricV2,2.1
CVE-1999-0216,cvssMetricV2,5.0
CVE-1999-0327,cvssMetricV2,2.1
CVE-1999-0328,cvssMetricV2,7.2
CVE-1999-0967,cvssMetricV2,10.0
CVE-1999-0306,cvssMetricV2,7.2
CVE-1999-0021,cvssMetricV2,7.5
CVE-1999-1069,cvssMetricV2,5.0
CVE-1999-1424,cvssMetricV2,6.2
CVE-1999-1425,cvssMetricV2,6.2
CVE-1999-1426,cvssMetricV2,6.2
CVE-1999-1427,cvssMetricV2,6.2
CVE-1999-1428,cvssMetricV2,6.2
CVE-1999-1210,cvssMetricV2,7.2
CVE-1999-1209,cvssMetricV2,7.2
CVE-1999-0210,cvssMetricV2,10.0
CVE-1999-1257,cvssMetricV2,7.5
CVE-1999-0016,cvssMetricV2,5.0
CVE-1999-0193,cvssMetricV2,5.0
CVE-1999-0244,cvssMetricV2,7.5
CVE-1999-0340,cvssMetricV2,7.2
CVE-1999-0018,cvssMetricV2,10.0
CVE-1999-0017,cvssMetricV2,7.5
CVE-1999-1140,cvssMetricV2,7.2
CVE-1999-0230,cvssMetricV2,5.0
CVE-1999-0004,cvssMetricV2,5.0
CVE-1999-0015,cvssMetricV2,5.0
CVE-1999-0104,cvssMetricV2,5.0
CVE-1999-1581,cvssMetricV2,5.0
CVE-1999-1230,cvssMetricV2,5.0
CVE-1999-1274,cvssMetricV2,6.4
CVE-1999-0107,cvssMetricV2,5.0
CVE-1999-0114,cvssMetricV2,4.6
CVE-1999-0239,cvssMetricV31,7.5
CVE-1999-0239,cvssMetricV2,5.0
CVE-1999-0273,cvssMetricV2,5.0
CVE-1999-0279,cvssMetricV2,7.5
CVE-1999-0284,cvssMetricV2,7.5
CVE-1999-0293,cvssMetricV2,7.5
CVE-1999-0331,cvssMetricV2,7.5
CVE-1999-0341,cvssMetricV2,7.2
CVE-1999-1439,cvssMetricV2,2.1
CVE-1999-0513,cvssMetricV2,5.0
CVE-1999-1429,cvssMetricV2,2.1
CVE-1999-0086,cvssMetricV2,5.0
CVE-1999-1176,cvssMetricV2,7.2
CVE-1999-0958,cvssMetricV2,7.2
CVE-1999-0271,cvssMetricV2,5.0
CVE-1999-1045,cvssMetricV2,7.8
CVE-1999-0014,cvssMetricV2,7.2
CVE-1999-1487,cvssMetricV2,7.2
CVE-1999-0013,cvssMetricV31,8.4
CVE-1999-0013,cvssMetricV2,7.5
CVE-1999-0125,cvssMetricV2,4.6
CVE-1999-0264,cvssMetricV2,5.0
CVE-1999-0087,cvssMetricV2,5.0
CVE-1999-0256,cvssMetricV2,7.5
CVE-1999-0296,cvssMetricV2,7.2
CVE-1999-0304,cvssMetricV2,7.2
CVE-1999-0305,cvssMetricV2,5.0
CVE-1999-0486,cvssMetricV2,5.0
CVE-1999-1445,cvssMetricV2,5.0
CVE-1999-0012,cvssMetricV2,5.0
CVE-1999-1269,cvssMetricV2,2.1
CVE-1999-0258,cvssMetricV2,5.0
CVE-1999-0225,cvssMetricV2,5.0
CVE-1999-1207,cvssMetricV2,7.5
CVE-1999-0323,cvssMetricV2,10.0
CVE-1999-1273,cvssMetricV2,7.5
CVE-1999-0290,cvssMetricV2,5.0
CVE-1999-1229,cvssMetricV2,2.1
CVE-1999-1486,cvssMetricV2,1.2
CVE-1999-0266,cvssMetricV2,7.5
CVE-1999-0320,cvssMetricV2,9.3
CVE-1999-0330,cvssMetricV2,7.2
CVE-1999-0502,cvssMetricV2,7.5
CVE-1999-0514,cvssMetricV2,5.0
CVE-1999-0795,cvssMetricV2,7.5
CVE-1999-1272,cvssMetricV2,7.2
CVE-1999-1407,cvssMetricV2,2.1
CVE-1999-1118,cvssMetricV2,2.1
CVE-1999-0060,cvssMetricV2,5.0
CVE-1999-1075,cvssMetricV2,5.0
CVE-1999-0960,cvssMetricV2,7.2
CVE-1999-0003,cvssMetricV2,10.0
CVE-1999-0098,cvssMetricV2,10.0
CVE-1999-0257,cvssMetricV2,5.0
CVE-1999-0507,cvssMetricV2,7.5
CVE-1999-0537,cvssMetricV2,7.5
CVE-1999-0551,cvssMetricV2,4.6
CVE-1999-1183,cvssMetricV2,7.6
CVE-1999-0270,cvssMetricV2,5.0
CVE-1999-1498,cvssMetricV2,3.6
CVE-1999-1505,cvssMetricV2,7.5
CVE-1999-0009,cvssMetricV2,10.0
CVE-1999-0010,cvssMetricV2,5.0
CVE-1999-0011,cvssMetricV2,10.0
CVE-1999-0190,cvssMetricV2,7.2
CVE-1999-1015,cvssMetricV2,5.0
CVE-1999-1040,cvssMetricV2,7.2
CVE-1999-1114,cvssMetricV2,7.2
CVE-1999-1501,cvssMetricV2,4.6
CVE-1999-1502,cvssMetricV2,7.5
CVE-1999-1503,cvssMetricV2,5.0
CVE-1999-1504,cvssMetricV2,5.0
CVE-1999-1499,cvssMetricV2,2.1
CVE-1999-1113,cvssMetricV2,5.0
CVE-1999-1390,cvssMetricV2,7.2
CVE-1999-0069,cvssMetricV31,8.4
CVE-1999-0069,cvssMetricV2,7.2
CVE-1999-0212,cvssMetricV2,7.8
CVE-1999-1106,cvssMetricV2,7.2
CVE-1999-0108,cvssMetricV2,7.2
CVE-1999-0796,cvssMetricV2,7.5
CVE-1999-0126,cvssMetricV2,7.2
CVE-1999-1027,cvssMetricV2,7.2
CVE-1999-1044,cvssMetricV2,4.6
CVE-1999-1361,cvssMetricV2,6.4
CVE-1999-0816,cvssMetricV2,10.0
CVE-1999-0919,cvssMetricV2,10.0
CVE-1999-1204,cvssMetricV2,7.5
CVE-1999-1389,cvssMetricV2,7.5
CVE-1999-0055,cvssMetricV2,7.2
CVE-1999-1179,cvssMetricV2,7.5
CVE-1999-1096,cvssMetricV2,7.2
CVE-1999-0303,cvssMetricV2,4.6
CVE-1999-1039,cvssMetricV2,7.2
CVE-1999-1492,cvssMetricV2,7.2
CVE-1999-1490,cvssMetricV2,7.2
CVE-1999-0278,cvssMetricV2,5.0
CVE-1999-0329,cvssMetricV2,7.2
CVE-1999-0501,cvssMetricV2,4.6
CVE-1999-0508,cvssMetricV2,4.6
CVE-1999-1443,cvssMetricV2,4.6
CVE-1999-1151,cvssMetricV2,5.0
CVE-1999-1152,cvssMetricV31,7.5
CVE-1999-1152,cvssMetricV2,5.0
CVE-1999-0008,cvssMetricV2,10.0
CVE-1999-0054,cvssMetricV2,5.0
CVE-1999-1178,cvssMetricV2,5.0
CVE-1999-1271,cvssMetricV2,2.1
CVE-1999-1480,cvssMetricV2,1.2
CVE-1999-1555,cvssMetricV2,7.2
CVE-1999-1085,cvssMetricV2,5.0
CVE-1999-0783,cvssMetricV31,5.5
CVE-1999-0783,cvssMetricV2,5.0
CVE-1999-1442,cvssMetricV2,7.2
CVE-1999-1479,cvssMetricV2,10.0
CVE-1999-0007,cvssMetricV2,5.0
CVE-1999-1036,cvssMetricV2,7.2
CVE-1999-1037,cvssMetricV2,7.2
CVE-1999-1038,cvssMetricV2,7.2
CVE-1999-0797,cvssMetricV2,2.6
CVE-1999-1556,cvssMetricV2,7.2
CVE-1999-1150,cvssMetricV2,7.5
CVE-1999-1441,cvssMetricV2,2.1
CVE-1999-0313,cvssMetricV2,7.2
CVE-1999-0314,cvssMetricV2,7.2
CVE-1999-0494,cvssMetricV2,5.0
CVE-1999-1202,cvssMetricV2,5.0
CVE-1999-1409,cvssMetricV2,2.1
CVE-1999-1574,cvssMetricV2,7.5
CVE-1999-1437,cvssMetricV2,7.5
CVE-1999-1436,cvssMetricV2,7.5
CVE-1999-0102,cvssMetricV2,7.5
CVE-1999-1435,cvssMetricV2,7.2
CVE-1999-1270,cvssMetricV2,4.6
CVE-1999-1434,cvssMetricV2,7.2
CVE-1999-0006,cvssMetricV31,9.8
CVE-1999-0006,cvssMetricV2,10.0
CVE-1999-0213,cvssMetricV2,10.0
CVE-1999-1297,cvssMetricV2,2.1
CVE-1999-1433,cvssMetricV2,7.2
CVE-1999-1582,cvssMetricV2,7.5
CVE-1999-0263,cvssMetricV2,4.6
CVE-1999-1149,cvssMetricV2,5.0
CVE-1999-1432,cvssMetricV2,7.5
CVE-1999-1558,cvssMetricV2,7.5
CVE-1999-0005,cvssMetricV2,10.0
CVE-1999-1200,cvssMetricV2,5.0
CVE-1999-1420,cvssMetricV2,10.0
CVE-1999-1421,cvssMetricV2,6.4
CVE-1999-1070,cvssMetricV2,5.0
CVE-1999-0941,cvssMetricV2,7.5
CVE-1999-1447,cvssMetricV2,5.0
CVE-1999-1406,cvssMetricV2,2.1
CVE-1999-1448,cvssMetricV2,5.0
CVE-1999-1136,cvssMetricV2,4.6
CVE-1999-0269,cvssMetricV2,5.0
CVE-1999-0288,cvssMetricV2,5.0
CVE-1999-0333,cvssMetricV2,7.5
CVE-1999-0339,cvssMetricV2,7.2
CVE-1999-0344,cvssMetricV2,7.2
CVE-1999-0516,cvssMetricV2,7.5
CVE-1999-0062,cvssMetricV2,7.2
CVE-1999-0262,cvssMetricV2,7.5
CVE-1999-1199,cvssMetricV2,10.0
CVE-1999-0159,cvssMetricV2,5.0
CVE-1999-1283,cvssMetricV2,5.0
CVE-1999-0157,cvssMetricV2,5.0
CVE-1999-1416,cvssMetricV2,5.0
CVE-1999-1417,cvssMetricV2,7.5
CVE-1999-1041,cvssMetricV2,7.2
CVE-1999-0065,cvssMetricV2,7.5
CVE-1999-0158,cvssMetricV2,5.0
CVE-1999-0162,cvssMetricV2,5.0
CVE-1999-0302,cvssMetricV2,7.5
CVE-1999-0310,cvssMetricV2,7.5
CVE-1999-0792,cvssMetricV2,5.0
CVE-1999-1292,cvssMetricV2,7.5
CVE-1999-0779,cvssMetricV2,5.0
CVE-1999-0930,cvssMetricV2,5.0
CVE-1999-0871,cvssMetricV2,2.6
CVE-1999-1048,cvssMetricV2,4.6
CVE-1999-0056,cvssMetricV2,7.2
CVE-1999-0897,cvssMetricV2,5.0
CVE-1999-1020,cvssMetricV2,7.5
CVE-1999-1265,cvssMetricV2,5.0
CVE-1999-1054,cvssMetricV2,5.0
CVE-1999-1228,cvssMetricV2,7.5
CVE-1999-0969,cvssMetricV2,5.0
CVE-1999-1181,cvssMetricV2,7.2
CVE-1999-0186,cvssMetricV2,10.0
CVE-1999-0505,cvssMetricV2,7.2
CVE-1999-0506,cvssMetricV2,7.2
CVE-1999-0546,cvssMetricV2,4.6
CVE-1999-0870,cvssMetricV2,2.6
CVE-1999-0343,cvssMetricV2,5.1
CVE-1999-1403,cvssMetricV2,7.2
CVE-1999-1404,cvssMetricV2,5.0
CVE-1999-1291,cvssMetricV2,5.0
CVE-1999-1185,cvssMetricV2,7.2
CVE-1999-1381,cvssMetricV2,7.5
CVE-1999-0002,cvssMetricV2,10.0
CVE-1999-0053,cvssMetricV2,5.0
CVE-1999-0088,cvssMetricV2,10.0
CVE-1999-0215,cvssMetricV2,6.4
CVE-1999-0118,cvssMetricV2,7.2
CVE-1999-0254,cvssMetricV2,10.0
CVE-1999-1459,cvssMetricV2,7.2
CVE-1999-0052,cvssMetricV31,7.5
CVE-1999-0052,cvssMetricV2,5.0
CVE-1999-1284,cvssMetricV2,5.0
CVE-1999-1321,cvssMetricV2,7.5
CVE-1999-1153,cvssMetricV2,7.5
CVE-1999-1154,cvssMetricV2,7.5
CVE-1999-1155,cvssMetricV2,7.5
CVE-1999-1289,cvssMetricV2,7.5
CVE-1999-1025,cvssMetricV2,4.6
CVE-1999-1322,cvssMetricV2,4.6
CVE-1999-0057,cvssMetricV2,7.5
CVE-1999-0780,cvssMetricV2,4.6
CVE-1999-0781,cvssMetricV2,7.2
CVE-1999-0782,cvssMetricV2,2.1
CVE-1999-1107,cvssMetricV2,7.2
CVE-1999-1288,cvssMetricV2,4.6
CVE-1999-1411,cvssMetricV2,7.5
CVE-1999-1071,cvssMetricV2,7.2
CVE-1999-1072,cvssMetricV2,7.2
CVE-1999-1073,cvssMetricV2,7.2
CVE-1999-0321,cvssMetricV2,7.2
CVE-1999-0332,cvssMetricV2,7.5
CVE-1999-0342,cvssMetricV2,6.2
CVE-1999-0385,cvssMetricV2,10.0
CVE-1999-0463,cvssMetricV2,5.0
CVE-1999-0478,cvssMetricV2,5.0
CVE-1999-0869,cvssMetricV2,2.6
CVE-1999-0836,cvssMetricV2,10.0
CVE-1999-0936,cvssMetricV2,10.0
CVE-1999-0937,cvssMetricV2,10.0
CVE-1999-1280,cvssMetricV2,7.5
CVE-1999-0798,cvssMetricV2,10.0
CVE-1999-1147,cvssMetricV2,7.5
CVE-1999-1276,cvssMetricV2,7.2
CVE-1999-1282,cvssMetricV2,4.6
CVE-1999-0139,cvssMetricV2,7.2
CVE-1999-0188,cvssMetricV2,7.2
CVE-1999-1173,cvssMetricV2,2.1
CVE-1999-1277,cvssMetricV2,4.6
CVE-1999-1278,cvssMetricV2,7.5
CVE-1999-0968,cvssMetricV2,7.5
CVE-1999-1281,cvssMetricV2,5.0
CVE-1999-1188,cvssMetricV2,4.6
CVE-1999-1285,cvssMetricV2,2.1
CVE-1999-1159,cvssMetricV2,4.6
CVE-1999-0197,cvssMetricV2,10.0
CVE-1999-0198,cvssMetricV2,10.0
CVE-1999-0200,cvssMetricV2,10.0
CVE-1999-0205,cvssMetricV2,5.0
CVE-1999-0220,cvssMetricV2,10.0
CVE-1999-0226,cvssMetricV2,10.0
CVE-1999-0231,cvssMetricV2,5.0
CVE-1999-0240,cvssMetricV2,7.5
CVE-1999-0243,cvssMetricV2,10.0
CVE-1999-0248,cvssMetricV2,10.0
CVE-1999-0255,cvssMetricV2,10.0
CVE-1999-0268,cvssMetricV2,10.0
CVE-1999-0276,cvssMetricV2,7.5
CVE-1999-0283,cvssMetricV2,10.0
CVE-1999-0285,cvssMetricV2,10.0
CVE-1999-0286,cvssMetricV2,10.0
CVE-1999-0355,cvssMetricV2,5.0
CVE-1999-0361,cvssMetricV2,10.0
CVE-1999-0364,cvssMetricV2,10.0
CVE-1999-0384,cvssMetricV2,4.6
CVE-1999-0388,cvssMetricV2,4.6
CVE-1999-0393,cvssMetricV2,5.0
CVE-1999-0394,cvssMetricV2,10.0
CVE-1999-0395,cvssMetricV2,5.1
CVE-1999-0397,cvssMetricV2,10.0
CVE-1999-0398,cvssMetricV2,4.6
CVE-1999-0399,cvssMetricV2,7.5
CVE-1999-0401,cvssMetricV2,3.7
CVE-1999-0448,cvssMetricV2,5.0
CVE-1999-0452,cvssMetricV2,10.0
CVE-1999-0453,cvssMetricV2,5.0
CVE-1999-0454,cvssMetricV2,10.0
CVE-1999-0465,cvssMetricV2,10.0
CVE-1999-0495,cvssMetricV2,10.0
CVE-1999-0497,cvssMetricV2,0.0
CVE-1999-0512,cvssMetricV2,10.0
CVE-1999-0515,cvssMetricV2,10.0
CVE-1999-0520,cvssMetricV2,6.4
CVE-1999-0523,cvssMetricV2,0.0
CVE-1999-0527,cvssMetricV2,10.0
CVE-1999-0528,cvssMetricV2,7.5
CVE-1999-0529,cvssMetricV2,7.5
CVE-1999-0530,cvssMetricV2,10.0
CVE-1999-0539,cvssMetricV2,10.0
CVE-1999-0547,cvssMetricV2,10.0
CVE-1999-0548,cvssMetricV2,10.0
CVE-1999-0549,cvssMetricV2,7.2
CVE-1999-0554,cvssMetricV2,10.0
CVE-1999-0555,cvssMetricV2,10.0
CVE-1999-0556,cvssMetricV2,10.0
CVE-1999-0559,cvssMetricV2,10.0
CVE-1999-0560,cvssMetricV2,10.0
CVE-1999-0561,cvssMetricV2,10.0
CVE-1999-0564,cvssMetricV2,10.0
CVE-1999-0565,cvssMetricV2,10.0
CVE-1999-0568,cvssMetricV2,10.0
CVE-1999-0569,cvssMetricV2,10.0
CVE-1999-0570,cvssMetricV2,10.0
CVE-1999-0571,cvssMetricV2,10.0
CVE-1999-0577,cvssMetricV2,10.0
CVE-1999-0578,cvssMetricV2,4.6
CVE-1999-0579,cvssMetricV2,10.0
CVE-1999-0580,cvssMetricV2,10.0
CVE-1999-0581,cvssMetricV2,10.0
CVE-1999-0583,cvssMetricV2,10.0
CVE-1999-0584,cvssMetricV2,10.0
CVE-1999-0586,cvssMetricV2,0.0
CVE-1999-0587,cvssMetricV2,10.0
CVE-1999-0588,cvssMetricV2,7.5
CVE-1999-0589,cvssMetricV2,10.0
CVE-1999-0591,cvssMetricV2,10.0
CVE-1999-0592,cvssMetricV2,10.0
CVE-1999-0593,cvssMetricV2,4.9
CVE-1999-0594,cvssMetricV2,10.0
CVE-1999-0596,cvssMetricV2,10.0
CVE-1999-0597,cvssMetricV2,10.0
CVE-1999-0598,cvssMetricV2,10.0
CVE-1999-0599,cvssMetricV2,10.0
CVE-1999-0600,cvssMetricV2,10.0
CVE-1999-0601,cvssMetricV2,10.0
CVE-1999-0602,cvssMetricV2,10.0
CVE-1999-0603,cvssMetricV2,10.0
CVE-1999-0611,cvssMetricV2,10.0
CVE-1999-0613,cvssMetricV2,0.0
CVE-1999-0618,cvssMetricV2,10.0
CVE-1999-0624,cvssMetricV2,0.0
CVE-1999-0625,cvssMetricV2,0.0
CVE-1999-0629,cvssMetricV2,0.0
CVE-1999-0630,cvssMetricV2,10.0
CVE-1999-0632,cvssMetricV2,0.0
CVE-1999-0635,cvssMetricV2,0.0
CVE-1999-0636,cvssMetricV2,10.0
CVE-1999-0637,cvssMetricV2,0.0
CVE-1999-0638,cvssMetricV2,0.0
CVE-1999-0639,cvssMetricV2,0.0
CVE-1999-0640,cvssMetricV2,10.0
CVE-1999-0641,cvssMetricV2,0.0
CVE-1999-0650,cvssMetricV2,5.0
CVE-1999-0651,cvssMetricV2,7.5
CVE-1999-0653,cvssMetricV2,10.0
CVE-1999-0654,cvssMetricV2,10.0
CVE-1999-0656,cvssMetricV2,5.0
CVE-1999-0657,cvssMetricV2,0.0
CVE-1999-0661,cvssMetricV2,10.0
CVE-1999-0662,cvssMetricV2,10.0
CVE-1999-0663,cvssMetricV2,10.0
CVE-1999-0664,cvssMetricV2,10.0
CVE-1999-0665,cvssMetricV2,10.0
CVE-1999-0698,cvssMetricV2,10.0
CVE-1999-1430,cvssMetricV2,2.1
CVE-1999-1440,cvssMetricV2,5.1
CVE-1999-1568,cvssMetricV31,7.5
CVE-1999-1568,cvssMetricV2,5.0
CVE-1999-0402,cvssMetricV2,5.0
CVE-1999-1170,cvssMetricV2,4.6
CVE-1999-1422,cvssMetricV2,7.2
CVE-2000-0005,cvssMetricV2,7.2
CVE-1999-0389,cvssMetricV2,7.2
CVE-1999-0914,cvssMetricV2,7.2
CVE-2000-0054,cvssMetricV2,5.0
CVE-1999-0390,cvssMetricV2,7.2
CVE-1999-0464,cvssMetricV2,2.1
CVE-1999-0391,cvssMetricV2,7.5
CVE-1999-0458,cvssMetricV2,2.1
CVE-1999-1268,cvssMetricV2,7.2
CVE-1999-0442,cvssMetricV2,2.1
CVE-1999-0392,cvssMetricV2,5.0
CVE-1999-0063,cvssMetricV2,5.0
CVE-1999-1172,cvssMetricV2,5.0
CVE-1999-1376,cvssMetricV2,10.0
CVE-1999-1538,cvssMetricV2,2.1
CVE-1999-0457,cvssMetricV2,7.2
CVE-1999-0678,cvssMetricV2,5.0
CVE-1999-0119,cvssMetricV2,10.0
CVE-1999-0451,cvssMetricV2,2.1
CVE-1999-0121,cvssMetricV2,7.2
CVE-1999-1264,cvssMetricV2,7.5
CVE-1999-1544,cvssMetricV2,5.0
CVE-1999-0352,cvssMetricV2,7.2
CVE-1999-0356,cvssMetricV2,10.0
CVE-1999-0357,cvssMetricV2,5.0
CVE-1999-1458,cvssMetricV2,7.2
CVE-1999-0347,cvssMetricV2,10.0
CVE-1999-0400,cvssMetricV2,4.6
CVE-1999-0449,cvssMetricV2,7.8
CVE-1999-0450,cvssMetricV2,7.5
CVE-1999-0348,cvssMetricV2,5.0
CVE-1999-0349,cvssMetricV2,7.5
CVE-1999-1450,cvssMetricV2,7.5
CVE-1999-0461,cvssMetricV2,10.0
CVE-1999-0952,cvssMetricV2,7.2
CVE-1999-1546,cvssMetricV2,5.0
CVE-2000-0370,cvssMetricV2,10.0
CVE-1999-0360,cvssMetricV2,7.2
CVE-1999-0291,cvssMetricV2,7.5
CVE-1999-0351,cvssMetricV2,6.4
CVE-1999-0358,cvssMetricV2,7.2
CVE-1999-0373,cvssMetricV2,7.2
CVE-1999-0403,cvssMetricV2,5.0
CVE-1999-0459,cvssMetricV2,4.6
CVE-1999-0362,cvssMetricV2,5.0
CVE-1999-0363,cvssMetricV2,7.2
CVE-1999-0383,cvssMetricV2,7.5
CVE-1999-1171,cvssMetricV2,4.6
CVE-1999-1453,cvssMetricV2,2.6
CVE-1999-0365,cvssMetricV2,7.5
CVE-1999-1169,cvssMetricV2,5.0
CVE-1999-1201,cvssMetricV2,5.0
CVE-1999-0350,cvssMetricV2,6.2
CVE-1999-0366,cvssMetricV2,7.5
CVE-1999-0367,cvssMetricV2,2.1
CVE-1999-0368,cvssMetricV2,10.0
CVE-1999-0407,cvssMetricV2,10.0
CVE-1999-0353,cvssMetricV2,9.3
CVE-1999-0370,cvssMetricV2,4.6
CVE-1999-0371,cvssMetricV2,1.2
CVE-1999-1375,cvssMetricV2,5.0
CVE-1999-0372,cvssMetricV2,2.1
CVE-1999-1203,cvssMetricV2,5.0
CVE-1999-0404,cvssMetricV2,7.5
CVE-1999-0714,cvssMetricV2,2.1
CVE-1999-1260,cvssMetricV2,7.5
CVE-1999-0374,cvssMetricV2,2.1
CVE-1999-0375,cvssMetricV2,7.5
CVE-1999-1180,cvssMetricV2,5.0
CVE-1999-0396,cvssMetricV2,2.6
CVE-1999-1060,cvssMetricV2,5.0
CVE-1999-1405,cvssMetricV2,10.0
CVE-1999-0405,cvssMetricV2,7.2
CVE-1999-1495,cvssMetricV2,2.1
CVE-2000-0367,cvssMetricV2,7.2
CVE-1999-0406,cvssMetricV2,7.2
CVE-1999-0412,cvssMetricV2,7.5
CVE-1999-0460,cvssMetricV2,2.1
CVE-1999-0485,cvssMetricV2,2.6
CVE-1999-1101,cvssMetricV2,4.6
CVE-1999-1255,cvssMetricV2,5.0
CVE-1999-1372,cvssMetricV2,4.6
CVE-1999-1482,cvssMetricV2,7.2
CVE-1999-0376,cvssMetricV2,4.6
CVE-1999-1168,cvssMetricV2,7.2
CVE-1999-1049,cvssMetricV2,10.0
CVE-1999-0377,cvssMetricV2,5.0
CVE-1999-0378,cvssMetricV2,5.0
CVE-1999-0379,cvssMetricV2,7.5
CVE-1999-0441,cvssMetricV2,5.0
CVE-1999-0484,cvssMetricV2,2.1
CVE-1999-1247,cvssMetricV2,7.2
CVE-1999-0380,cvssMetricV2,4.6
CVE-1999-0408,cvssMetricV2,10.0
CVE-1999-0483,cvssMetricV2,2.1
CVE-1999-0381,cvssMetricV2,7.2
CVE-1999-0221,cvssMetricV2,5.0
CVE-1999-0222,cvssMetricV2,5.0
CVE-1999-0223,cvssMetricV2,2.1
CVE-1999-0261,cvssMetricV2,5.0
CVE-1999-0386,cvssMetricV2,5.0
CVE-1999-0413,cvssMetricV2,7.2
CVE-1999-0414,cvssMetricV2,5.0
CVE-1999-0419,cvssMetricV2,5.0
CVE-1999-0426,cvssMetricV31,9.8
CVE-1999-0426,cvssMetricV2,10.0
CVE-1999-0429,cvssMetricV2,7.5
CVE-1999-0430,cvssMetricV2,5.0
CVE-1999-0431,cvssMetricV2,5.0
CVE-1999-0432,cvssMetricV2,4.6
CVE-1999-0435,cvssMetricV2,7.2
CVE-1999-0436,cvssMetricV2,4.6
CVE-1999-0437,cvssMetricV2,5.0
CVE-1999-0438,cvssMetricV2,5.0
CVE-1999-0440,cvssMetricV2,7.5
CVE-1999-0476,cvssMetricV2,7.2
CVE-1999-0479,cvssMetricV2,5.0
CVE-1999-1046,cvssMetricV2,10.0
CVE-2000-0371,cvssMetricV2,1.2
CVE-1999-1551,cvssMetricV2,5.0
CVE-1999-0409,cvssMetricV2,4.6
CVE-1999-1256,cvssMetricV2,4.6
CVE-2000-0019,cvssMetricV2,2.1
CVE-1999-0410,cvssMetricV2,7.2
CVE-1999-0411,cvssMetricV2,7.2
CVE-1999-0418,cvssMetricV2,6.4
CVE-1999-1254,cvssMetricV2,5.0
CVE-1999-1371,cvssMetricV2,7.2
CVE-1999-1567,cvssMetricV2,5.0
CVE-1999-0417,cvssMetricV2,2.1
CVE-1999-0415,cvssMetricV2,7.5
CVE-1999-0416,cvssMetricV2,5.0
CVE-1999-1526,cvssMetricV2,5.0
CVE-1999-0382,cvssMetricV2,7.2
CVE-1999-0420,cvssMetricV2,7.2
CVE-1999-0421,cvssMetricV2,7.2
CVE-1999-0422,cvssMetricV2,4.6
CVE-1999-0462,cvssMetricV2,7.2
CVE-1999-0424,cvssMetricV2,2.1
CVE-1999-0425,cvssMetricV2,6.4
CVE-1999-0433,cvssMetricV2,4.6
CVE-1999-0482,cvssMetricV2,5.0
CVE-1999-0428,cvssMetricV2,7.5
CVE-1999-0481,cvssMetricV2,5.0
CVE-1999-1370,cvssMetricV2,7.2
CVE-1999-1397,cvssMetricV2,7.5
CVE-2000-0153,cvssMetricV2,5.0
CVE-1999-0434,cvssMetricV2,7.5
CVE-1999-1559,cvssMetricV2,5.0
CVE-1999-0443,cvssMetricV2,10.0
CVE-1999-0445,cvssMetricV2,5.0
CVE-1999-0447,cvssMetricV2,4.6
CVE-1999-0467,cvssMetricV2,5.0
CVE-1999-0469,cvssMetricV2,5.0
CVE-1999-0480,cvssMetricV2,2.1
CVE-1999-0605,cvssMetricV2,5.0
CVE-1999-0606,cvssMetricV2,5.0
CVE-1999-0608,cvssMetricV2,5.0
CVE-1999-0609,cvssMetricV2,5.0
CVE-1999-0610,cvssMetricV2,5.0
CVE-1999-0921,cvssMetricV2,5.0
CVE-1999-0439,cvssMetricV2,7.5
CVE-1999-0474,cvssMetricV2,5.0
CVE-1999-0475,cvssMetricV2,1.2
CVE-1999-1245,cvssMetricV2,5.0
CVE-1999-0472,cvssMetricV2,5.0
CVE-1999-0473,cvssMetricV2,2.1
CVE-1999-1196,cvssMetricV2,5.0
CVE-1999-0287,cvssMetricV2,7.5
CVE-1999-0468,cvssMetricV2,2.6
CVE-1999-0470,cvssMetricV2,5.0
CVE-1999-0471,cvssMetricV2,5.0
CVE-1999-0801,cvssMetricV2,10.0
CVE-1999-1323,cvssMetricV2,4.6
CVE-1999-0444,cvssMetricV2,5.0
CVE-1999-0446,cvssMetricV2,2.1
CVE-1999-1369,cvssMetricV2,4.6
CVE-1999-1244,cvssMetricV2,7.2
CVE-1999-0684,cvssMetricV2,5.0
CVE-1999-0491,cvssMetricV2,4.6
CVE-1999-0604,cvssMetricV2,5.0
CVE-1999-0607,cvssMetricV2,5.0
CVE-1999-0466,cvssMetricV2,7.2
CVE-1999-0488,cvssMetricV2,7.5
CVE-1999-0490,cvssMetricV2,7.5
CVE-1999-0492,cvssMetricV2,10.0
CVE-1999-0712,cvssMetricV2,2.1
CVE-1999-0711,cvssMetricV2,4.6
CVE-1999-0194,cvssMetricV2,5.0
CVE-1999-0487,cvssMetricV2,2.6
CVE-1999-0763,cvssMetricV2,6.4
CVE-1999-0764,cvssMetricV2,6.4
CVE-1999-0807,cvssMetricV2,7.2
CVE-1999-1418,cvssMetricV2,5.0
CVE-1999-1553,cvssMetricV2,10.0
CVE-2000-0412,cvssMetricV2,7.5
CVE-1999-1012,cvssMetricV2,5.0
CVE-1999-1097,cvssMetricV2,6.4
CVE-1999-1195,cvssMetricV2,5.1
CVE-1999-1079,cvssMetricV2,4.6
CVE-1999-1241,cvssMetricV2,10.0
CVE-1999-1367,cvssMetricV2,4.6
CVE-1999-0686,cvssMetricV2,5.0
CVE-1999-0717,cvssMetricV2,2.6
CVE-1999-0736,cvssMetricV2,5.0
CVE-1999-0737,cvssMetricV2,5.0
CVE-1999-0738,cvssMetricV2,5.0
CVE-1999-0739,cvssMetricV2,5.0
CVE-1999-1566,cvssMetricV2,5.0
CVE-1999-0806,cvssMetricV2,7.2
CVE-1999-0754,cvssMetricV2,10.0
CVE-1999-0773,cvssMetricV2,7.2
CVE-1999-0785,cvssMetricV2,7.2
CVE-1999-1033,cvssMetricV2,5.0
CVE-1999-1520,cvssMetricV2,5.0
CVE-1999-0229,cvssMetricV2,5.0
CVE-1999-0776,cvssMetricV2,5.0
CVE-1999-1368,cvssMetricV2,7.5
CVE-1999-1029,cvssMetricV2,7.5
CVE-1999-1366,cvssMetricV2,3.6
CVE-1999-0489,cvssMetricV2,10.0
CVE-1999-0716,cvssMetricV2,4.6
CVE-1999-1156,cvssMetricV2,5.0
CVE-1999-1510,cvssMetricV2,7.5
CVE-1999-0765,cvssMetricV2,10.0
CVE-1999-1030,cvssMetricV2,5.0
CVE-1999-1031,cvssMetricV2,5.0
CVE-1999-0715,cvssMetricV2,4.6
CVE-1999-1393,cvssMetricV2,4.6
CVE-1999-0928,cvssMetricV2,5.0
CVE-1999-0762,cvssMetricV2,2.6
CVE-1999-0803,cvssMetricV2,2.1
CVE-1999-1414,cvssMetricV2,7.2
CVE-1999-0771,cvssMetricV2,5.0
CVE-1999-0920,cvssMetricV2,10.0
CVE-1999-0927,cvssMetricV2,5.0
CVE-1999-0755,cvssMetricV2,5.0
CVE-1999-0802,cvssMetricV2,7.6
CVE-1999-0917,cvssMetricV2,5.1
CVE-1999-1028,cvssMetricV2,5.0
CVE-1999-1485,cvssMetricV2,6.4
CVE-2000-0333,cvssMetricV2,5.0
CVE-1999-0772,cvssMetricV2,6.4
CVE-1999-0804,cvssMetricV2,5.0
CVE-1999-1063,cvssMetricV2,10.0
CVE-2000-0364,cvssMetricV2,4.6
CVE-2000-0365,cvssMetricV2,4.6
CVE-2000-0373,cvssMetricV2,7.2
CVE-2000-0481,cvssMetricV2,5.0
CVE-1999-1400,cvssMetricV2,2.1
CVE-1999-1412,cvssMetricV2,5.0
CVE-1999-0970,cvssMetricV2,5.0
CVE-1999-1237,cvssMetricV2,10.0
CVE-1999-0493,cvssMetricV2,7.5
CVE-1999-1496,cvssMetricV2,2.1
CVE-1999-1231,cvssMetricV2,5.0
CVE-2000-0118,cvssMetricV2,7.2
CVE-1999-0775,cvssMetricV2,10.0
CVE-1999-1023,cvssMetricV2,4.6
CVE-1999-0713,cvssMetricV2,7.2
CVE-1999-0730,cvssMetricV2,10.0
CVE-1999-0874,cvssMetricV2,10.0
CVE-1999-0929,cvssMetricV2,5.0
CVE-1999-0742,cvssMetricV2,5.0
CVE-1999-0723,cvssMetricV2,7.1
CVE-1999-0731,cvssMetricV2,4.6
CVE-1999-1019,cvssMetricV2,7.2
CVE-1999-0748,cvssMetricV2,7.5
CVE-1999-1470,cvssMetricV2,4.6
CVE-1999-0778,cvssMetricV2,7.2
CVE-1999-1164,cvssMetricV2,5.0
CVE-1999-0733,cvssMetricV2,7.2
CVE-1999-0938,cvssMetricV2,7.5
CVE-1999-1365,cvssMetricV2,7.2
CVE-2000-0353,cvssMetricV2,10.0
CVE-1999-0916,cvssMetricV2,2.1
CVE-1999-0140,cvssMetricV2,5.0
CVE-1999-0726,cvssMetricV2,7.8
CVE-1999-1348,cvssMetricV2,2.1
CVE-1999-0688,cvssMetricV2,4.6
CVE-1999-0690,cvssMetricV2,7.2
CVE-1999-0696,cvssMetricV2,10.0
CVE-1999-0707,cvssMetricV2,7.5
CVE-1999-0889,cvssMetricV2,7.5
CVE-1999-1394,cvssMetricV2,2.1
CVE-1999-0918,cvssMetricV2,7.8
CVE-1999-0728,cvssMetricV2,7.8
CVE-1999-0752,cvssMetricV2,5.0
CVE-1999-1478,cvssMetricV2,5.0
CVE-1999-1537,cvssMetricV2,5.0
CVE-1999-0809,cvssMetricV2,5.0
CVE-1999-1543,cvssMetricV2,4.6
CVE-1999-1166,cvssMetricV2,7.2
CVE-1999-1460,cvssMetricV2,7.2
CVE-1999-1545,cvssMetricV2,2.1
CVE-1999-1086,cvssMetricV2,10.0
CVE-1999-1518,cvssMetricV2,5.0
CVE-1999-0692,cvssMetricV2,10.0
CVE-1999-1011,cvssMetricV2,10.0
CVE-1999-1378,cvssMetricV2,5.0
CVE-1999-0721,cvssMetricV2,7.8
CVE-1999-1535,cvssMetricV2,10.0
CVE-1999-1560,cvssMetricV2,7.2
CVE-1999-0810,cvssMetricV2,10.0
CVE-1999-0811,cvssMetricV2,5.0
CVE-1999-1165,cvssMetricV2,7.2
CVE-1999-1338,cvssMetricV2,5.0
CVE-1999-0224,cvssMetricV2,5.0
CVE-1999-0710,cvssMetricV2,7.5
CVE-1999-1018,cvssMetricV2,7.5
CVE-1999-1017,cvssMetricV2,7.5
CVE-2000-0323,cvssMetricV2,7.6
CVE-1999-0700,cvssMetricV2,6.2
CVE-1999-0770,cvssMetricV2,2.1
CVE-1999-1078,cvssMetricV2,7.5
CVE-1999-0683,cvssMetricV2,5.0
CVE-1999-1130,cvssMetricV2,5.0
CVE-1999-1227,cvssMetricV2,7.2
CVE-1999-1536,cvssMetricV2,7.2
CVE-1999-0672,cvssMetricV2,5.1
CVE-1999-1337,cvssMetricV2,4.6
CVE-1999-0671,cvssMetricV2,5.1
CVE-1999-0677,cvssMetricV2,7.5
CVE-1999-0703,cvssMetricV2,3.6
CVE-1999-0719,cvssMetricV2,4.6
CVE-1999-0913,cvssMetricV2,10.0
CVE-1999-0682,cvssMetricV2,5.0
CVE-1999-0727,cvssMetricV2,5.0
CVE-1999-1524,cvssMetricV2,5.0
CVE-1999-0673,cvssMetricV2,5.1
CVE-1999-0722,cvssMetricV2,10.0
CVE-1999-0674,cvssMetricV2,7.2
CVE-1999-0675,cvssMetricV2,5.0
CVE-1999-0676,cvssMetricV2,4.6
CVE-1999-0680,cvssMetricV2,5.0
CVE-1999-0813,cvssMetricV2,7.2
CVE-1999-0694,cvssMetricV2,2.1
CVE-1999-0814,cvssMetricV2,10.0
CVE-1999-0861,cvssMetricV2,2.6
CVE-1999-0867,cvssMetricV2,5.0
CVE-1999-0875,cvssMetricV2,7.5
CVE-1999-0724,cvssMetricV2,4.6
CVE-1999-1336,cvssMetricV2,5.0
CVE-1999-0679,cvssMetricV2,7.5
CVE-1999-0746,cvssMetricV2,5.0
CVE-1999-0749,cvssMetricV2,2.6
CVE-1999-0888,cvssMetricV2,4.6
CVE-1999-0753,cvssMetricV2,7.5
CVE-1999-0745,cvssMetricV2,10.0
CVE-1999-0747,cvssMetricV2,2.1
CVE-1999-0725,cvssMetricV2,7.1
CVE-1999-0732,cvssMetricV2,2.1
CVE-1999-0734,cvssMetricV2,7.5
CVE-1999-0740,cvssMetricV2,6.4
CVE-1999-0741,cvssMetricV2,10.0
CVE-1999-0743,cvssMetricV2,2.1
CVE-1999-1561,cvssMetricV2,7.2
CVE-1999-1565,cvssMetricV2,4.6
CVE-2000-0325,cvssMetricV2,7.2
CVE-2000-1206,cvssMetricV2,5.0
CVE-1999-0668,cvssMetricV2,5.1
CVE-2000-0355,cvssMetricV2,7.5
CVE-1999-0878,cvssMetricV2,10.0
CVE-1999-1064,cvssMetricV2,10.0
CVE-2000-0374,cvssMetricV2,10.0
CVE-1999-0720,cvssMetricV2,4.6
CVE-1999-1052,cvssMetricV2,5.0
CVE-2000-0328,cvssMetricV2,5.0
CVE-1999-0768,cvssMetricV2,7.5
CVE-1999-0769,cvssMetricV2,7.2
CVE-1999-0872,cvssMetricV2,7.2
CVE-1999-1235,cvssMetricV2,4.6
CVE-1999-0939,cvssMetricV2,5.0
CVE-1999-0911,cvssMetricV2,10.0
CVE-1999-1016,cvssMetricV2,5.0
CVE-1999-1354,cvssMetricV2,4.6
CVE-1999-1513,cvssMetricV2,7.5
CVE-1999-0774,cvssMetricV2,7.2
CVE-1999-1515,cvssMetricV2,5.0
CVE-1999-0669,cvssMetricV2,4.0
CVE-1999-0670,cvssMetricV2,4.0
CVE-1999-0705,cvssMetricV2,7.5
CVE-1999-0891,cvssMetricV2,5.0
CVE-1999-1129,cvssMetricV2,7.5
CVE-1999-0685,cvssMetricV2,5.1
CVE-1999-1356,cvssMetricV2,4.6
CVE-1999-1516,cvssMetricV2,7.5
CVE-1999-1564,cvssMetricV2,2.1
CVE-1999-0925,cvssMetricV2,5.0
CVE-1999-0926,cvssMetricV2,10.0
CVE-1999-1562,cvssMetricV2,4.6
CVE-2000-0489,cvssMetricV2,2.1
CVE-1999-1353,cvssMetricV2,4.6
CVE-1999-0767,cvssMetricV2,7.2
CVE-1999-0697,cvssMetricV2,7.2
CVE-1999-1377,cvssMetricV2,5.0
CVE-1999-0702,cvssMetricV2,10.0
CVE-1999-0910,cvssMetricV2,5.0
CVE-1999-1575,cvssMetricV2,5.1
CVE-1999-1521,cvssMetricV2,10.0
CVE-1999-0687,cvssMetricV2,7.5
CVE-1999-0689,cvssMetricV2,7.2
CVE-1999-0691,cvssMetricV2,7.2
CVE-1999-0750,cvssMetricV2,5.1
CVE-1999-0751,cvssMetricV2,5.0
CVE-1999-0759,cvssMetricV2,10.0
CVE-1999-1014,cvssMetricV2,4.6
CVE-1999-1053,cvssMetricV2,7.5
CVE-1999-0817,cvssMetricV2,10.0
CVE-1999-0704,cvssMetricV2,9.3
CVE-1999-0890,cvssMetricV2,7.5
CVE-1999-0907,cvssMetricV2,2.1
CVE-1999-0953,cvssMetricV2,10.0
CVE-1999-0954,cvssMetricV2,7.5
CVE-1999-0787,cvssMetricV2,2.1
CVE-1999-0886,cvssMetricV2,9.0
CVE-1999-0909,cvssMetricV2,7.5
CVE-1999-0708,cvssMetricV2,7.2
CVE-1999-0786,cvssMetricV2,4.6
CVE-1999-0912,cvssMetricV2,2.1
CVE-1999-0777,cvssMetricV2,7.5
CVE-1999-0906,cvssMetricV2,7.2
CVE-1999-0908,cvssMetricV2,5.0
CVE-1999-1013,cvssMetricV2,7.2
CVE-1999-1477,cvssMetricV2,7.2
CVE-1999-1534,cvssMetricV2,7.2
CVE-1999-1351,cvssMetricV2,5.0
CVE-1999-1484,cvssMetricV2,7.5
CVE-1999-1578,cvssMetricV2,5.1
CVE-1999-0788,cvssMetricV2,5.0
CVE-1999-0940,cvssMetricV2,7.5
CVE-1999-1576,cvssMetricV2,7.5
CVE-1999-0789,cvssMetricV2,10.0
CVE-1999-1352,cvssMetricV2,4.6
CVE-1999-1350,cvssMetricV2,4.6
CVE-1999-0931,cvssMetricV2,5.0
CVE-1999-0932,cvssMetricV2,7.2
CVE-1999-1469,cvssMetricV2,7.5
CVE-1999-1583,cvssMetricV2,7.2
CVE-1999-0794,cvssMetricV2,4.6
CVE-1999-0877,cvssMetricV2,4.3
CVE-1999-0879,cvssMetricV2,10.0
CVE-1999-0880,cvssMetricV2,5.0
CVE-1999-0933,cvssMetricV2,5.0
CVE-1999-1236,cvssMetricV2,4.6
CVE-1999-1500,cvssMetricV2,5.0
CVE-2000-0016,cvssMetricV2,5.0
CVE-2000-0047,cvssMetricV2,5.0
CVE-1999-0942,cvssMetricV2,7.2
CVE-1999-1454,cvssMetricV2,4.6
CVE-1999-1523,cvssMetricV2,7.5
CVE-1999-1540,cvssMetricV2,2.1
CVE-1999-1541,cvssMetricV2,7.2
CVE-1999-1542,cvssMetricV2,10.0
CVE-1999-1344,cvssMetricV2,7.5
CVE-1999-1345,cvssMetricV2,4.6
CVE-1999-1357,cvssMetricV2,7.5
CVE-1999-0791,cvssMetricV2,10.0
CVE-1999-1349,cvssMetricV2,5.0
CVE-1999-1346,cvssMetricV2,7.5
CVE-1999-1347,cvssMetricV2,4.6
CVE-1999-1522,cvssMetricV2,5.0
CVE-1999-1082,cvssMetricV2,5.0
CVE-1999-1083,cvssMetricV2,5.0
CVE-2000-0369,cvssMetricV2,5.0
CVE-1999-0893,cvssMetricV2,2.1
CVE-1999-1343,cvssMetricV2,5.0
CVE-2000-0356,cvssMetricV2,4.6
CVE-1999-0943,cvssMetricV2,10.0
CVE-1999-1342,cvssMetricV2,5.0
CVE-1999-1047,cvssMetricV2,7.5
CVE-1999-0895,cvssMetricV2,7.5
CVE-1999-0766,cvssMetricV2,9.3
CVE-1999-0905,cvssMetricV2,5.0
CVE-2000-0327,cvssMetricV2,7.6
CVE-1999-0951,cvssMetricV2,10.0
CVE-1999-1341,cvssMetricV2,4.6
CVE-2000-0362,cvssMetricV2,7.2
CVE-2000-0363,cvssMetricV2,6.2
CVE-1999-0900,cvssMetricV2,7.2
CVE-1999-0901,cvssMetricV2,7.2
CVE-1999-0902,cvssMetricV2,7.2
CVE-1999-0944,cvssMetricV2,10.0
CVE-1999-0883,cvssMetricV2,10.0
CVE-1999-0884,cvssMetricV2,5.0
CVE-1999-0881,cvssMetricV2,5.0
CVE-1999-0903,cvssMetricV2,7.5
CVE-1999-1076,cvssMetricV2,4.6
CVE-1999-1234,cvssMetricV2,5.0
CVE-1999-0882,cvssMetricV2,5.0
CVE-1999-0915,cvssMetricV2,5.0
CVE-1999-0950,cvssMetricV2,10.0
CVE-1999-1226,cvssMetricV2,2.6
CVE-1999-1532,cvssMetricV2,5.0
CVE-1999-0873,cvssMetricV2,7.5
CVE-1999-1577,cvssMetricV2,5.1
CVE-1999-0354,cvssMetricV2,7.5
CVE-1999-0827,cvssMetricV2,2.6
CVE-1999-0829,cvssMetricV2,5.0
CVE-1999-0830,cvssMetricV2,7.2
CVE-1999-0854,cvssMetricV2,5.0
CVE-1999-1077,cvssMetricV2,4.6
CVE-1999-1517,cvssMetricV2,7.2
CVE-1999-0946,cvssMetricV2,5.1
CVE-1999-0947,cvssMetricV2,7.5
CVE-1999-0948,cvssMetricV2,7.2
CVE-1999-0949,cvssMetricV2,7.2
CVE-1999-1531,cvssMetricV2,7.5
CVE-1999-0885,cvssMetricV2,3.6
CVE-1999-0904,cvssMetricV2,5.0
CVE-1999-0843,cvssMetricV2,5.0
CVE-1999-0887,cvssMetricV2,5.0
CVE-1999-0896,cvssMetricV2,10.0
CVE-1999-0898,cvssMetricV2,7.2
CVE-1999-0899,cvssMetricV2,7.2
CVE-1999-1065,cvssMetricV2,7.5
CVE-1999-1340,cvssMetricV2,7.2
CVE-1999-1509,cvssMetricV2,5.0
CVE-1999-1571,cvssMetricV2,7.2
CVE-1999-1529,cvssMetricV2,7.5
CVE-1999-1533,cvssMetricV2,7.5
CVE-1999-0821,cvssMetricV2,4.6
CVE-1999-0863,cvssMetricV2,4.6
CVE-1999-1530,cvssMetricV2,3.6
CVE-1999-1550,cvssMetricV2,5.0
CVE-2001-0679,cvssMetricV2,10.0
CVE-1999-0832,cvssMetricV2,10.0
CVE-1999-0983,cvssMetricV2,7.5
CVE-1999-0984,cvssMetricV2,7.5
CVE-1999-0985,cvssMetricV2,7.5
CVE-1999-1111,cvssMetricV2,7.5
CVE-1999-1112,cvssMetricV2,7.5
CVE-1999-0833,cvssMetricV2,7.5
CVE-1999-0835,cvssMetricV2,10.0
CVE-1999-0837,cvssMetricV2,10.0
CVE-1999-0848,cvssMetricV2,5.0
CVE-1999-0849,cvssMetricV2,5.0
CVE-1999-0851,cvssMetricV2,2.1
CVE-1999-1511,cvssMetricV2,7.5
CVE-1999-1539,cvssMetricV2,7.5
CVE-2000-0329,cvssMetricV2,5.1
CVE-1999-1050,cvssMetricV2,5.0
CVE-2000-0330,cvssMetricV2,7.6
CVE-2000-0165,cvssMetricV2,7.5
CVE-1999-1110,cvssMetricV2,5.0
CVE-1999-1528,cvssMetricV2,4.6
CVE-1999-1190,cvssMetricV2,10.0
CVE-1999-1051,cvssMetricV2,5.0
CVE-1999-1457,cvssMetricV2,7.5
CVE-1999-1508,cvssMetricV2,10.0
CVE-1999-1549,cvssMetricV31,7.8
CVE-1999-1549,cvssMetricV2,5.0
CVE-1999-0793,cvssMetricV2,2.6
CVE-1999-1092,cvssMetricV2,4.6
CVE-1999-1519,cvssMetricV2,5.0
CVE-2000-0073,cvssMetricV2,5.0
CVE-1999-0987,cvssMetricV2,10.0
CVE-2000-0352,cvssMetricV2,10.0
CVE-1999-0831,cvssMetricV2,5.0
CVE-1999-0999,cvssMetricV2,4.3
CVE-1999-1475,cvssMetricV2,4.6
CVE-1999-0818,cvssMetricV2,7.2
CVE-1999-1058,cvssMetricV2,7.5
CVE-1999-1527,cvssMetricV2,7.5
CVE-2000-0531,cvssMetricV2,2.1
CVE-1999-0844,cvssMetricV2,5.0
CVE-1999-1163,cvssMetricV2,7.5
CVE-1999-1189,cvssMetricV2,7.5
CVE-1999-1548,cvssMetricV2,5.0
CVE-1999-0317,cvssMetricV2,7.2
CVE-1999-0845,cvssMetricV2,7.2
CVE-1999-1547,cvssMetricV2,7.5
CVE-1999-0387,cvssMetricV2,7.8
CVE-1999-0839,cvssMetricV2,7.2
CVE-1999-0842,cvssMetricV2,5.0
CVE-1999-0847,cvssMetricV2,5.0
CVE-1999-0822,cvssMetricV2,10.0
CVE-1999-0824,cvssMetricV2,4.6
CVE-1999-0840,cvssMetricV2,7.2
CVE-1999-0841,cvssMetricV2,7.2
CVE-1999-0819,cvssMetricV2,5.0
CVE-1999-0820,cvssMetricV2,4.6
CVE-1999-0823,cvssMetricV2,4.6
CVE-1999-0826,cvssMetricV2,4.6
CVE-1999-0834,cvssMetricV2,10.0
CVE-1999-0838,cvssMetricV2,5.0
CVE-1999-0846,cvssMetricV2,5.0
CVE-1999-0853,cvssMetricV2,10.0
CVE-1999-0855,cvssMetricV2,7.2
CVE-1999-0856,cvssMetricV2,5.0
CVE-1999-0857,cvssMetricV2,2.1
CVE-1999-0859,cvssMetricV2,2.1
CVE-1999-0860,cvssMetricV2,2.1
CVE-1999-0963,cvssMetricV2,7.2
CVE-2000-0004,cvssMetricV2,5.0
CVE-2000-0021,cvssMetricV2,5.0
CVE-1999-0828,cvssMetricV2,3.6
CVE-1999-0850,cvssMetricV2,3.6
CVE-1999-0852,cvssMetricV2,7.2
CVE-1999-0858,cvssMetricV2,5.0
CVE-1999-0862,cvssMetricV2,2.1
CVE-2000-0366,cvssMetricV2,2.1
CVE-1999-0825,cvssMetricV2,3.6
CVE-1999-0864,cvssMetricV2,7.2
CVE-1999-0865,cvssMetricV2,5.0
CVE-1999-0866,cvssMetricV2,7.2
CVE-2000-0139,cvssMetricV2,2.1
CVE-2000-0357,cvssMetricV2,7.5
CVE-2000-0358,cvssMetricV2,5.0
CVE-1999-0988,cvssMetricV2,7.2
CVE-1999-0982,cvssMetricV2,7.2
CVE-1999-0990,cvssMetricV2,2.1
CVE-1999-0989,cvssMetricV2,7.5
CVE-1999-0991,cvssMetricV2,5.0
CVE-1999-0973,cvssMetricV2,10.0
CVE-1999-0976,cvssMetricV2,2.1
CVE-1999-0981,cvssMetricV2,5.1
CVE-1999-0986,cvssMetricV2,5.0
CVE-1999-0972,cvssMetricV2,7.5
CVE-1999-0974,cvssMetricV2,10.0
CVE-1999-0978,cvssMetricV2,7.5
CVE-1999-0975,cvssMetricV2,4.6
CVE-1999-0977,cvssMetricV2,10.0
CVE-1999-0289,cvssMetricV2,5.0
CVE-1999-1009,cvssMetricV2,2.6
CVE-1999-0993,cvssMetricV2,7.5
CVE-1999-1003,cvssMetricV2,5.0
CVE-1999-1007,cvssMetricV2,7.6
CVE-1999-1010,cvssMetricV2,2.1
CVE-2000-0068,cvssMetricV2,7.5
CVE-2000-0361,cvssMetricV2,2.1
CVE-1999-0934,cvssMetricV2,5.0
CVE-1999-0935,cvssMetricV2,10.0
CVE-1999-0996,cvssMetricV2,7.5
CVE-1999-0994,cvssMetricV2,5.0
CVE-1999-0995,cvssMetricV2,7.8
CVE-1999-0998,cvssMetricV2,5.0
CVE-1999-1000,cvssMetricV2,5.0
CVE-1999-1001,cvssMetricV2,2.6
CVE-1999-1004,cvssMetricV2,5.0
CVE-1999-1005,cvssMetricV2,5.0
CVE-1999-1006,cvssMetricV2,5.0
CVE-1999-0997,cvssMetricV2,7.5
CVE-2000-0020,cvssMetricV2,5.0
CVE-1999-1497,cvssMetricV2,7.2
CVE-2000-0017,cvssMetricV2,10.0
CVE-2000-0022,cvssMetricV2,5.0
CVE-2000-0023,cvssMetricV2,5.0
CVE-2000-0024,cvssMetricV2,6.4
CVE-2000-0025,cvssMetricV2,5.0
CVE-2000-0026,cvssMetricV2,10.0
CVE-1999-1066,cvssMetricV2,5.0
CVE-1999-1109,cvssMetricV2,5.0
CVE-2000-0002,cvssMetricV2,10.0
CVE-2000-0018,cvssMetricV2,7.2
CVE-2000-0030,cvssMetricV2,5.0
CVE-2000-0032,cvssMetricV2,10.0
CVE-2000-0034,cvssMetricV2,5.0
CVE-2000-0036,cvssMetricV2,5.0
CVE-2000-0119,cvssMetricV2,7.2
CVE-2000-0001,cvssMetricV2,5.0
CVE-2000-0028,cvssMetricV2,2.6
CVE-2000-0038,cvssMetricV2,7.5
CVE-2000-0040,cvssMetricV2,10.0
CVE-1999-0892,cvssMetricV2,4.6
CVE-1999-0455,cvssMetricV2,7.5
CVE-1999-0477,cvssMetricV2,7.5
CVE-2000-0006,cvssMetricV2,2.6
CVE-2000-0008,cvssMetricV2,2.1
CVE-2000-0010,cvssMetricV2,10.0
CVE-2000-0012,cvssMetricV2,10.0
CVE-2000-0027,cvssMetricV2,6.2
CVE-2000-0029,cvssMetricV2,4.6
CVE-2000-0033,cvssMetricV2,5.0
CVE-2000-0060,cvssMetricV2,5.0
CVE-1999-1573,cvssMetricV2,10.0
CVE-2000-0014,cvssMetricV2,5.0
CVE-2000-0035,cvssMetricV2,4.6
CVE-2000-0037,cvssMetricV2,4.6
CVE-2000-0041,cvssMetricV2,5.0
CVE-2000-0007,cvssMetricV2,5.0
CVE-2000-0009,cvssMetricV2,7.2
CVE-2000-0039,cvssMetricV2,5.0
CVE-2000-0042,cvssMetricV2,10.0
CVE-2000-0100,cvssMetricV2,7.2
CVE-1999-0001,cvssMetricV2,5.0
CVE-2000-0003,cvssMetricV2,10.0
CVE-2000-0043,cvssMetricV2,7.5
CVE-2000-0076,cvssMetricV2,2.1
CVE-1999-0154,cvssMetricV2,5.0
CVE-1999-0808,cvssMetricV2,7.5
CVE-1999-0815,cvssMetricV2,5.0
CVE-1999-1035,cvssMetricV2,5.0
CVE-1999-1042,cvssMetricV2,1.2
CVE-1999-1043,cvssMetricV2,5.0
CVE-1999-1055,cvssMetricV2,7.5
CVE-1999-1074,cvssMetricV2,7.5
CVE-1999-1084,cvssMetricV2,4.6
CVE-1999-1087,cvssMetricV2,7.5
CVE-1999-1093,cvssMetricV2,5.1
CVE-1999-1094,cvssMetricV2,7.5
CVE-1999-1100,cvssMetricV2,7.5
CVE-1999-1102,cvssMetricV2,2.1
CVE-1999-1104,cvssMetricV2,4.6
CVE-1999-1105,cvssMetricV2,5.0
CVE-1999-1117,cvssMetricV2,2.1
CVE-1999-1124,cvssMetricV2,7.5
CVE-1999-1126,cvssMetricV2,2.1
CVE-1999-1127,cvssMetricV31,7.5
CVE-1999-1127,cvssMetricV2,5.0
CVE-1999-1132,cvssMetricV2,5.0
CVE-1999-1148,cvssMetricV2,5.0
CVE-1999-1157,cvssMetricV2,5.0
CVE-1999-1167,cvssMetricV2,6.4
CVE-1999-1175,cvssMetricV2,7.5
CVE-1999-1177,cvssMetricV2,5.0
CVE-1999-1206,cvssMetricV2,7.5
CVE-1999-1222,cvssMetricV2,5.0
CVE-1999-1223,cvssMetricV2,5.0
CVE-1999-1233,cvssMetricV2,7.5
CVE-1999-1246,cvssMetricV2,7.5
CVE-1999-1259,cvssMetricV2,2.1
CVE-1999-1279,cvssMetricV2,5.0
CVE-1999-1287,cvssMetricV2,5.0
CVE-1999-1290,cvssMetricV2,5.1
CVE-1999-1293,cvssMetricV2,10.0
CVE-1999-1294,cvssMetricV2,2.1
CVE-1999-1300,cvssMetricV2,3.6
CVE-1999-1307,cvssMetricV2,7.2
CVE-1999-1315,cvssMetricV2,4.6
CVE-1999-1316,cvssMetricV2,7.5
CVE-1999-1317,cvssMetricV2,4.6
CVE-1999-1320,cvssMetricV2,4.6
CVE-1999-1324,cvssMetricV31,9.8
CVE-1999-1324,cvssMetricV2,7.5
CVE-1999-1325,cvssMetricV2,7.2
CVE-1999-1327,cvssMetricV2,7.2
CVE-1999-1328,cvssMetricV2,7.2
CVE-1999-1329,cvssMetricV2,7.2
CVE-1999-1330,cvssMetricV2,4.6
CVE-1999-1331,cvssMetricV2,2.1
CVE-1999-1332,cvssMetricV2,2.1
CVE-1999-1333,cvssMetricV2,7.5
CVE-1999-1334,cvssMetricV2,7.5
CVE-1999-1335,cvssMetricV2,6.4
CVE-1999-1339,cvssMetricV2,5.0
CVE-1999-1355,cvssMetricV2,7.5
CVE-1999-1358,cvssMetricV2,4.6
CVE-1999-1359,cvssMetricV2,7.5
CVE-1999-1360,cvssMetricV2,2.1
CVE-1999-1362,cvssMetricV2,2.1
CVE-1999-1363,cvssMetricV2,2.1
CVE-1999-1364,cvssMetricV2,2.1
CVE-1999-1379,cvssMetricV2,5.0
CVE-1999-1382,cvssMetricV2,7.2
CVE-1999-1386,cvssMetricV31,5.5
CVE-1999-1386,cvssMetricV2,2.1
CVE-1999-1444,cvssMetricV2,5.0
CVE-1999-1451,cvssMetricV2,5.0
CVE-1999-1452,cvssMetricV2,2.1
CVE-1999-1455,cvssMetricV2,7.5
CVE-1999-1456,cvssMetricV2,5.0
CVE-1999-1462,cvssMetricV2,5.0
CVE-1999-1464,cvssMetricV2,7.5
CVE-1999-1465,cvssMetricV2,7.5
CVE-1999-1472,cvssMetricV2,5.0
CVE-1999-1473,cvssMetricV2,5.0
CVE-1999-1474,cvssMetricV2,7.5
CVE-1999-1476,cvssMetricV2,2.1
CVE-1999-1481,cvssMetricV2,5.0
CVE-1999-1488,cvssMetricV2,5.0
CVE-1999-1512,cvssMetricV2,10.0
CVE-1999-1584,cvssMetricV2,10.0
CVE-1999-1585,cvssMetricV2,7.2
CVE-1999-1586,cvssMetricV2,7.2
CVE-1999-1587,cvssMetricV2,2.1
CVE-1999-1588,cvssMetricV31,9.8
CVE-1999-1588,cvssMetricV2,10.0
CVE-1999-1589,cvssMetricV2,7.2
CVE-1999-1590,cvssMetricV2,3.5
CVE-1999-1591,cvssMetricV2,7.5
CVE-1999-1592,cvssMetricV2,7.5
CVE-2000-0011,cvssMetricV2,7.5
CVE-2000-0013,cvssMetricV2,7.2
CVE-2000-0015,cvssMetricV2,4.6
CVE-1999-0964,cvssMetricV2,7.2
CVE-2000-0069,cvssMetricV2,2.1
CVE-2000-0120,cvssMetricV2,7.5
CVE-2000-0077,cvssMetricV2,7.2
CVE-2000-0078,cvssMetricV2,7.2
CVE-2000-0082,cvssMetricV2,5.0
CVE-1999-0735,cvssMetricV2,4.6
CVE-1999-0744,cvssMetricV2,7.5
CVE-1999-0876,cvssMetricV2,10.0
CVE-1999-0894,cvssMetricV2,10.0
CVE-2000-0049,cvssMetricV2,7.2
CVE-2000-0050,cvssMetricV2,4.6
CVE-2000-0051,cvssMetricV2,5.0
CVE-2000-0052,cvssMetricV2,7.2
CVE-2000-0053,cvssMetricV2,7.5
CVE-2000-0057,cvssMetricV2,7.5
CVE-2000-0059,cvssMetricV2,10.0
CVE-2000-0062,cvssMetricV2,10.0
CVE-2000-0085,cvssMetricV2,7.5
CVE-2000-0056,cvssMetricV2,5.0
CVE-2000-0058,cvssMetricV2,5.0
CVE-2000-0044,cvssMetricV2,10.0
CVE-2000-0055,cvssMetricV2,7.2
CVE-2000-0084,cvssMetricV2,5.0
CVE-2000-0061,cvssMetricV2,10.0
CVE-2000-1220,cvssMetricV2,10.0
CVE-2000-1221,cvssMetricV2,10.0
CVE-2000-0046,cvssMetricV2,7.5
CVE-2000-0080,cvssMetricV2,2.1
CVE-2000-0081,cvssMetricV2,10.0
CVE-2000-0045,cvssMetricV2,6.4
CVE-2000-0067,cvssMetricV2,2.1
CVE-2000-0071,cvssMetricV2,5.0
CVE-2000-0074,cvssMetricV2,7.5
CVE-1999-1002,cvssMetricV2,5.0
CVE-2000-0048,cvssMetricV2,7.2
CVE-2000-0070,cvssMetricV2,7.2
CVE-2000-0087,cvssMetricV2,5.0
CVE-2000-0066,cvssMetricV2,5.0
CVE-2000-0075,cvssMetricV2,5.0
CVE-2000-0063,cvssMetricV2,5.0
CVE-2000-0064,cvssMetricV2,5.0
CVE-2000-0065,cvssMetricV2,10.0
CVE-2000-0072,cvssMetricV2,4.6
CVE-2000-0090,cvssMetricV2,3.6
CVE-1999-0992,cvssMetricV2,10.0
CVE-2000-0079,cvssMetricV2,7.5
CVE-2000-0086,cvssMetricV2,5.0
CVE-2000-0099,cvssMetricV2,7.2
CVE-2000-0092,cvssMetricV2,6.2
CVE-1999-0595,cvssMetricV2,2.1
CVE-2000-0088,cvssMetricV2,7.2
CVE-2000-0091,cvssMetricV2,10.0
CVE-2000-0093,cvssMetricV2,10.0
CVE-2000-0115,cvssMetricV2,5.0
CVE-2000-0095,cvssMetricV2,5.0
CVE-2000-0096,cvssMetricV2,7.2
CVE-2000-0097,cvssMetricV2,5.0
CVE-2000-0098,cvssMetricV2,5.0
CVE-2000-0126,cvssMetricV2,5.0
CVE-2000-0113,cvssMetricV2,7.5
CVE-2000-0130,cvssMetricV2,7.2
CVE-2000-1216,cvssMetricV2,7.2
CVE-2000-0111,cvssMetricV2,7.5
CVE-2000-0116,cvssMetricV2,7.5
CVE-2000-0117,cvssMetricV2,7.2
CVE-2000-0109,cvssMetricV2,10.0
CVE-2000-0132,cvssMetricV2,2.6
CVE-2000-0101,cvssMetricV2,7.5
CVE-2000-0102,cvssMetricV2,7.5
CVE-2000-0103,cvssMetricV2,7.5
CVE-2000-0104,cvssMetricV2,7.5
CVE-2000-0105,cvssMetricV2,5.0
CVE-2000-0106,cvssMetricV2,7.5
CVE-2000-0107,cvssMetricV2,7.2
CVE-2000-0108,cvssMetricV2,7.5
CVE-2000-0110,cvssMetricV2,7.5
CVE-2000-0121,cvssMetricV2,3.6
CVE-2000-0123,cvssMetricV2,7.5
CVE-2000-0131,cvssMetricV2,5.0
CVE-2000-0133,cvssMetricV2,10.0
CVE-2000-0134,cvssMetricV2,7.5
CVE-2000-0135,cvssMetricV2,7.5
CVE-2000-0136,cvssMetricV2,7.5
CVE-2000-0137,cvssMetricV2,7.5
CVE-2000-0151,cvssMetricV2,6.2
CVE-2000-0157,cvssMetricV2,7.2
CVE-2000-1205,cvssMetricV2,4.3
CVE-2000-0112,cvssMetricV2,7.2
CVE-2000-0114,cvssMetricV2,5.0
CVE-2000-0469,cvssMetricV2,5.1
CVE-2000-0122,cvssMetricV2,5.0
CVE-2000-0124,cvssMetricV2,2.1
CVE-2000-0125,cvssMetricV2,7.5
CVE-2000-0127,cvssMetricV2,7.5
CVE-2000-0218,cvssMetricV2,7.2
CVE-2000-0089,cvssMetricV2,2.1
CVE-2000-0128,cvssMetricV2,10.0
CVE-2000-0129,cvssMetricV2,2.1
CVE-2000-0145,cvssMetricV2,7.5
CVE-2000-0472,cvssMetricV2,3.6
CVE-2000-0144,cvssMetricV2,7.5
CVE-2000-0146,cvssMetricV2,5.0
CVE-2000-0147,cvssMetricV2,2.1
CVE-2000-0148,cvssMetricV2,7.5
CVE-2000-0149,cvssMetricV2,5.0
CVE-2000-0215,cvssMetricV2,7.2
CVE-2000-0140,cvssMetricV2,5.0
CVE-2000-0141,cvssMetricV2,10.0
CVE-2000-0142,cvssMetricV2,5.0
CVE-2000-0143,cvssMetricV2,4.6
CVE-2000-0150,cvssMetricV2,7.5
CVE-2000-0197,cvssMetricV2,4.6
CVE-2000-0167,cvssMetricV2,2.1
CVE-2000-0222,cvssMetricV2,10.0
CVE-2000-0224,cvssMetricV2,1.2
CVE-2000-0094,cvssMetricV2,7.2
CVE-2000-0154,cvssMetricV2,1.2
CVE-2000-0156,cvssMetricV2,5.1
CVE-2000-0158,cvssMetricV2,7.5
CVE-2000-0159,cvssMetricV2,7.5
CVE-2000-0155,cvssMetricV2,7.2
CVE-2000-0161,cvssMetricV2,7.5
CVE-2000-0162,cvssMetricV2,5.1
CVE-2000-0164,cvssMetricV2,7.2
CVE-2000-0160,cvssMetricV2,7.6
CVE-2000-0163,cvssMetricV2,4.6
CVE-2000-0166,cvssMetricV2,10.0
CVE-2000-0210,cvssMetricV2,1.2
CVE-2000-0182,cvssMetricV2,5.0
CVE-2000-0211,cvssMetricV2,5.0
CVE-2000-0213,cvssMetricV2,5.0
CVE-2000-0219,cvssMetricV2,7.2
CVE-2000-0194,cvssMetricV2,7.2
CVE-2000-0195,cvssMetricV2,7.2
CVE-2000-0212,cvssMetricV2,5.0
CVE-2000-0214,cvssMetricV2,4.6
CVE-2000-0217,cvssMetricV2,5.1
CVE-2000-0220,cvssMetricV2,5.0
CVE-2000-0221,cvssMetricV2,5.0
CVE-2000-0170,cvssMetricV2,7.2
CVE-2000-0187,cvssMetricV2,7.5
CVE-2000-0188,cvssMetricV2,7.5
CVE-2000-0209,cvssMetricV2,7.6
CVE-2000-0178,cvssMetricV2,7.5
CVE-2000-0179,cvssMetricV2,5.0
CVE-2000-0186,cvssMetricV2,7.2
CVE-2000-0196,cvssMetricV2,7.5
CVE-2000-0203,cvssMetricV2,5.0
CVE-2000-0204,cvssMetricV2,5.0
CVE-2000-0176,cvssMetricV2,5.0
CVE-2000-0191,cvssMetricV2,10.0
CVE-2000-0208,cvssMetricV2,5.0
CVE-2000-0216,cvssMetricV2,5.0
CVE-2000-0189,cvssMetricV2,5.0
CVE-2000-0201,cvssMetricV2,5.1
CVE-2000-0207,cvssMetricV2,7.5
CVE-1999-0693,cvssMetricV2,7.2
CVE-2000-0177,cvssMetricV2,10.0
CVE-2000-0190,cvssMetricV2,5.0
CVE-2000-0193,cvssMetricV2,7.2
CVE-2000-0172,cvssMetricV2,7.2
CVE-2000-0205,cvssMetricV2,6.4
CVE-2000-0168,cvssMetricV2,5.0
CVE-2000-0192,cvssMetricV2,5.0
CVE-2000-0206,cvssMetricV2,6.2
CVE-2000-0200,cvssMetricV2,5.1
CVE-2000-0225,cvssMetricV2,5.0
CVE-2000-0185,cvssMetricV2,5.0
CVE-2000-0202,cvssMetricV2,7.5
CVE-2000-0174,cvssMetricV2,5.0
CVE-2000-0175,cvssMetricV2,10.0
CVE-2000-0184,cvssMetricV2,2.1
CVE-2000-0173,cvssMetricV2,5.0
CVE-2000-0183,cvssMetricV2,5.1
CVE-2000-0223,cvssMetricV2,7.2
CVE-2000-0171,cvssMetricV2,7.2
CVE-2000-0181,cvssMetricV2,5.0
CVE-2000-0237,cvssMetricV2,6.4
CVE-2000-0230,cvssMetricV2,7.2
CVE-2000-0180,cvssMetricV2,5.0
CVE-2000-0199,cvssMetricV2,7.2
CVE-2000-0169,cvssMetricV2,7.5
CVE-2000-0198,cvssMetricV2,5.0
CVE-2000-0233,cvssMetricV2,10.0
CVE-2000-0239,cvssMetricV2,5.0
CVE-2000-0231,cvssMetricV2,7.2
CVE-2000-0228,cvssMetricV2,5.0
CVE-2000-0236,cvssMetricV2,5.0
CVE-2000-0238,cvssMetricV2,5.0
CVE-2000-0226,cvssMetricV2,5.0
CVE-2000-0613,cvssMetricV2,5.0
CVE-2000-0240,cvssMetricV2,5.0
CVE-2000-0241,cvssMetricV2,5.0
CVE-2000-0229,cvssMetricV2,7.2
CVE-2000-0247,cvssMetricV2,7.2
CVE-2000-0227,cvssMetricV2,2.1
CVE-2000-0242,cvssMetricV2,5.0
CVE-2000-0243,cvssMetricV2,5.0
CVE-2000-0281,cvssMetricV2,2.1
CVE-2000-0235,cvssMetricV2,7.2
CVE-2000-0245,cvssMetricV2,10.0
CVE-2000-0289,cvssMetricV2,5.0
CVE-2000-0244,cvssMetricV2,10.0
CVE-2000-0152,cvssMetricV2,5.0
CVE-2000-0232,cvssMetricV2,2.1
CVE-2000-0246,cvssMetricV2,5.0
CVE-2000-0234,cvssMetricV2,5.0
CVE-2000-0290,cvssMetricV2,5.0
CVE-2000-0296,cvssMetricV2,7.2
CVE-2000-0302,cvssMetricV2,5.0
CVE-1999-0790,cvssMetricV2,2.6
CVE-2000-0277,cvssMetricV2,7.2
CVE-2000-0280,cvssMetricV2,2.6
CVE-2000-0297,cvssMetricV2,6.4
CVE-2000-0634,cvssMetricV2,5.0
CVE-2000-0299,cvssMetricV2,5.0
CVE-2000-0255,cvssMetricV2,5.0
CVE-2000-0251,cvssMetricV2,5.0
CVE-2000-0300,cvssMetricV2,10.0
CVE-2000-0301,cvssMetricV2,5.0
CVE-2000-0279,cvssMetricV2,5.0
CVE-2000-0298,cvssMetricV2,7.2
CVE-2000-0273,cvssMetricV2,5.0
CVE-2000-0274,cvssMetricV2,2.1
CVE-2000-0275,cvssMetricV2,2.1
CVE-2000-0276,cvssMetricV2,2.1
CVE-2000-0294,cvssMetricV2,7.2
CVE-1999-0695,cvssMetricV2,5.0
CVE-1999-0699,cvssMetricV2,7.5
CVE-1999-0701,cvssMetricV2,7.2
CVE-1999-0979,cvssMetricV2,7.2
CVE-2000-0252,cvssMetricV2,5.0
CVE-2000-0253,cvssMetricV2,10.0
CVE-2000-0258,cvssMetricV30,7.5
CVE-2000-0258,cvssMetricV2,5.0
CVE-2000-0259,cvssMetricV2,7.2
CVE-2000-0261,cvssMetricV2,5.0
CVE-2000-0262,cvssMetricV2,5.0
CVE-2000-0282,cvssMetricV2,5.0
CVE-2000-0283,cvssMetricV2,6.4
CVE-2000-0287,cvssMetricV2,10.0
CVE-2000-0288,cvssMetricV2,5.0
CVE-2000-0250,cvssMetricV2,7.2
CVE-2000-0254,cvssMetricV2,5.0
CVE-2000-0260,cvssMetricV2,7.5
CVE-2000-1218,cvssMetricV31,9.8
CVE-2000-1218,cvssMetricV2,7.5
CVE-2000-0263,cvssMetricV2,2.1
CVE-2000-0284,cvssMetricV2,7.5
CVE-2000-0285,cvssMetricV2,7.2
CVE-2000-0286,cvssMetricV2,2.1
CVE-2000-0291,cvssMetricV2,4.6
CVE-2000-0264,cvssMetricV2,2.1
CVE-2000-0265,cvssMetricV2,4.6
CVE-2000-0083,cvssMetricV2,4.6
CVE-2000-0266,cvssMetricV2,2.6
CVE-2000-0269,cvssMetricV2,2.1
CVE-2000-0270,cvssMetricV2,3.6
CVE-2000-0271,cvssMetricV2,4.6
CVE-2000-0256,cvssMetricV2,7.5
CVE-2000-0257,cvssMetricV2,7.5
CVE-2000-0292,cvssMetricV2,5.0
CVE-2000-0267,cvssMetricV2,4.6
CVE-2000-0268,cvssMetricV2,5.0
CVE-2000-0272,cvssMetricV2,7.8
CVE-2000-0311,cvssMetricV2,2.1
CVE-2000-0331,cvssMetricV2,5.0
CVE-2000-0295,cvssMetricV2,10.0
CVE-2000-0318,cvssMetricV2,7.5
CVE-2000-0320,cvssMetricV2,5.0
CVE-2000-0336,cvssMetricV2,2.1
CVE-2000-0458,cvssMetricV2,2.1
CVE-2000-0459,cvssMetricV2,5.0
CVE-2000-0319,cvssMetricV2,5.0
CVE-2000-0338,cvssMetricV31,5.5
CVE-2000-0338,cvssMetricV2,5.0
CVE-2000-0248,cvssMetricV2,10.0
CVE-2000-0316,cvssMetricV2,7.2
CVE-2000-0317,cvssMetricV2,7.2
CVE-2000-0321,cvssMetricV2,5.0
CVE-2000-0322,cvssMetricV2,10.0
CVE-2000-0334,cvssMetricV2,2.1
CVE-2000-0337,cvssMetricV2,7.2
CVE-2000-0339,cvssMetricV2,7.5
CVE-2000-0324,cvssMetricV2,5.0
CVE-2000-0326,cvssMetricV2,5.0
CVE-2000-0249,cvssMetricV2,7.2
CVE-2000-0380,cvssMetricV2,7.1
CVE-1999-0706,cvssMetricV2,7.5
CVE-2000-0429,cvssMetricV2,7.5
CVE-2000-0342,cvssMetricV31,7.5
CVE-2000-0342,cvssMetricV2,5.0
CVE-2000-0340,cvssMetricV2,7.2
CVE-1999-0427,cvssMetricV2,7.5
CVE-2000-0341,cvssMetricV2,5.0
CVE-2000-0344,cvssMetricV2,5.0
CVE-2000-0401,cvssMetricV2,7.5
CVE-2000-0440,cvssMetricV2,5.0
CVE-2000-0447,cvssMetricV2,7.5
CVE-2000-0448,cvssMetricV2,5.0
CVE-2000-0449,cvssMetricV2,10.0
CVE-2000-0138,cvssMetricV2,5.0
CVE-2000-0293,cvssMetricV2,2.1
CVE-2000-0343,cvssMetricV2,10.0
CVE-2000-0346,cvssMetricV2,5.0
CVE-2000-0347,cvssMetricV2,5.0
CVE-2000-0385,cvssMetricV2,5.0
CVE-2000-0386,cvssMetricV2,7.5
CVE-2000-0433,cvssMetricV2,4.6
CVE-2000-0303,cvssMetricV2,6.4
CVE-2000-0332,cvssMetricV2,5.0
CVE-2000-0335,cvssMetricV2,7.5
CVE-2000-0345,cvssMetricV2,2.1
CVE-2000-0378,cvssMetricV2,7.2
CVE-2000-0425,cvssMetricV2,10.0
CVE-2000-0430,cvssMetricV2,5.0
CVE-2000-0414,cvssMetricV2,4.6
CVE-2000-0422,cvssMetricV2,7.5
CVE-2000-0427,cvssMetricV2,4.6
CVE-2000-0428,cvssMetricV2,10.0
CVE-2000-0381,cvssMetricV2,6.4
CVE-2000-0423,cvssMetricV2,5.0
CVE-2000-0426,cvssMetricV2,5.0
CVE-2000-0413,cvssMetricV2,5.0
CVE-2000-0382,cvssMetricV2,2.6
CVE-2000-0383,cvssMetricV2,5.0
CVE-2000-0384,cvssMetricV2,10.0
CVE-2000-0387,cvssMetricV2,2.1
CVE-2000-0304,cvssMetricV2,5.0
CVE-2000-0406,cvssMetricV2,2.6
CVE-2000-0409,cvssMetricV2,3.7
CVE-2000-0410,cvssMetricV2,5.0
CVE-2000-0411,cvssMetricV2,5.0
CVE-2000-0408,cvssMetricV2,5.0
CVE-2000-0416,cvssMetricV2,5.0
CVE-2000-0419,cvssMetricV2,7.5
CVE-2000-0420,cvssMetricV2,7.2
CVE-2000-0421,cvssMetricV2,7.5
CVE-2000-0439,cvssMetricV2,2.6
CVE-2000-0457,cvssMetricV2,7.5
CVE-2000-0407,cvssMetricV2,7.2
CVE-2000-0415,cvssMetricV2,5.0
CVE-2000-0400,cvssMetricV2,7.5
CVE-2000-0434,cvssMetricV2,7.5
CVE-2000-0435,cvssMetricV2,7.5
CVE-2000-0397,cvssMetricV2,5.0
CVE-2000-0424,cvssMetricV2,7.5
CVE-1999-0980,cvssMetricV2,5.0
CVE-2000-0379,cvssMetricV2,3.6
CVE-2000-0389,cvssMetricV2,10.0
CVE-2000-0390,cvssMetricV2,10.0
CVE-2000-0391,cvssMetricV2,10.0
CVE-2000-0392,cvssMetricV2,7.2
CVE-2000-0393,cvssMetricV2,7.2
CVE-2000-0395,cvssMetricV2,5.0
CVE-2000-0405,cvssMetricV2,10.0
CVE-2000-0432,cvssMetricV2,7.5
CVE-1999-1008,cvssMetricV2,7.2
CVE-2000-0350,cvssMetricV2,5.0
CVE-2000-0417,cvssMetricV2,5.0
CVE-2000-0464,cvssMetricV2,7.6
CVE-2000-0465,cvssMetricV2,5.1
CVE-2000-0394,cvssMetricV2,5.0
CVE-2000-0437,cvssMetricV2,10.0
CVE-2000-0450,cvssMetricV2,7.5
CVE-2000-0452,cvssMetricV2,5.0
CVE-2000-0453,cvssMetricV2,5.0
CVE-2000-0463,cvssMetricV2,5.0
CVE-2000-0305,cvssMetricV2,7.8
CVE-2000-0436,cvssMetricV2,5.0
CVE-2000-0451,cvssMetricV2,5.0
CVE-2000-0431,cvssMetricV2,7.5
CVE-2000-0438,cvssMetricV2,7.2
CVE-2000-0418,cvssMetricV2,5.0
CVE-2000-0551,cvssMetricV2,10.0
CVE-2000-0396,cvssMetricV2,5.0
CVE-2000-0398,cvssMetricV2,10.0
CVE-2000-0399,cvssMetricV2,5.0
CVE-2000-0441,cvssMetricV2,5.0
CVE-2000-0442,cvssMetricV2,7.5
CVE-2000-0443,cvssMetricV2,7.5
CVE-2000-0444,cvssMetricV2,5.0
CVE-2000-0445,cvssMetricV2,2.1
CVE-2000-0446,cvssMetricV2,7.5
CVE-2000-0491,cvssMetricV2,10.0
CVE-2000-0403,cvssMetricV2,5.0
CVE-2000-0404,cvssMetricV2,5.0
CVE-2000-0517,cvssMetricV2,5.0
CVE-2000-0553,cvssMetricV2,2.6
CVE-2000-0460,cvssMetricV2,7.2
CVE-2000-0456,cvssMetricV2,2.1
CVE-2000-0462,cvssMetricV2,2.1
CVE-2000-0454,cvssMetricV2,7.2
CVE-2000-0455,cvssMetricV2,2.1
CVE-2000-0461,cvssMetricV2,2.1
CVE-2000-0564,cvssMetricV2,5.0
CVE-2000-0402,cvssMetricV2,2.1
